North America, /r/north_america
Alaska Highway, /r/AlaskaHighway
Arctic Circle, /r/arcticcircle
Canadian Maritimes, /r/CanadianMaritimes
Cascadia, /r/Cascadia
Cascades Mountains, /r/cascades
Pacific Northwest, /r/PacificNorthwest
Canada, /r/canada
Acadie, /r/acadie
Canadian Maritimes, /r/canadianmaritimes
First Nations, /r/firstnations
Laurentia Bioregion, /r/laurentia
Alberta, /r/alberta
Airdrie, /r/airdrie
Banff, /r/townofbanff
Banff National Park, /r/banfflakelouise
Bonnyville, /r/bonnyville
Calgary, /r/calgary
Carstairs, /r/Carstairs
Cochrane, /r/CochraneAB
Cold Lake, /r/coldlake
Drumheller, /r/Drumheller
Edmonton, /r/Edmonton
Edson, /r/edsonalberta
Fort Mac, /r/fortmac
Fort McMurray Alberta, /r/fortmcmurrayalberta
Fort McMurray, /r/fortmcmurray
Fort Saskatchewan, /r/FortSaskatchewan
Grande Prairie, /r/grandeprairie
Hinton, /r/Hinton
Jasper, /r/jasper
Lacombe, /r/Lacombe
Lake Bonavista, /r/lakebonavitsa
Lake Louise, /r/LakeLouise
Leduc, /r/leduc
Letbridge, /r/lethbridge
Lloydminster, /r/lloydminster
Medicine Hat, /r/medicinehat
Morinville, /r/Morinville
Okotoks, /r/okotoks
Olds, /r/olds
Red Deer, /r/reddeer
Saddle Hills County, /r/Saddle_Hills_County
Sharp Hill, /r/SharpHill
Sherwood Park, /r/sherwoodpark
Spruce Grove, /r/SpruceGrove
St. Albert, /r/stalbert
Stony Plain, /r/StonyPlain
The Peace Country, /r/peacecountry
Wainwright, /r/wainwright
British Columbia, /r/britishcolumbia
Beautiful BC, /r/beautifulbc
Abbotsford, /r/abbotsford
Abbotsford BC, /r/abbotsfordbc
Armstrong, /r/armstrong
Bralorne, /r/bralorne
Brentwood Bay, /r/brentwoodbay
Burnaby, /r/burnaby
Campbell River, /r/campbellriver
Capital Region, /r/capitalregion
Chilliwack, /r/chilliwack
Cloverdale, /r/cloverdale
Columbia Valley, /r/columbiavalley
Colwood, /r/colwood
Comox Valley, /r/comoxvalley
Coquitlam, /r/coquitlam
Cowichan Valley, /r/cowichan
Creston, /r/crestonbc
Delta, /r/DeltaBC
Dawson Creek, /r/dawsoncreek
Esquimalt, /r/esquimalt
Field, /r/VillageofField
Fort St. John, /r/FortStJohn
Fraser Valley, /r/fraservalley
Golden, /r/goldenbc
Greater Victoria Regional District, /r/GVRD
Gulf Islands, /r/gulfislands
Harrison Hot Springs, /r/harrisonhotsprings
Hope, /r/hopebc
Invermere, /r/invermere
Kamloops, /r/kamloops
Kelowna, /r/kelowna
Kitimat, /r/Kitimat
Kootenay, /r/kootenays
Langford, /r/Langford
Langley, /r/langley
Lantzville, /r/lantzville
Lasqueti Island, /r/lasqueti
Lillooet, /r/lillooet
Lumby, /r/Lumby
Mackenzie, /r/mackenzie
Maple Ridge, /r/mapleridge
Mission, /r/missionbc
Nanaimo, /r/nanaimo
New Westminster, /r/newwestminster
Nelson, /r/nelsonbc
Northeastern British Columbia, /r/nebc
Northwest British Columbia, /r/NorthWestBC
Oak Bay, /r/oakbay
Ocean Falls, /r/oceanfalls
Okanagan, /r/okanagan
Okanagan BC, /r/theOkanagan
Parksville, /r/Parksville
Port Coquitlam, /r/PortCoquitlam
Pemberton, /r/pemberton
Penticton, /r/penticton
Powell River, /r/PowellRiverBC
Prince George, /r/princegeorge
Prince Rupert, /r/PrinceRupert
Quesnel, /r/Quesnel
Richmond, /r/RichmondBC
Salt Spring Island, /r/saltspringisland
Salt Spring, /r/saltspring
Sechelt, /r/sechelt
Sooke, /r/sooke
South Surrey, /r/southsurrey
South Vancouver Island, /r/south_island
Squamish, /r/squamish
Summerland, /r/Summerland
Sun Peaks, /r/sunpeaks
Sunshine Coast, /r/thecoast
Sooke, /r/sooke
Terrace, /r/terracebc
Tofino, /r/tofino
Trail, /r/trailbc
Tsawwassen, /r/tsawwassen
Ucluelet, /r/ucluelet
Vancouver, /r/vancouver
Vancouver Island, /r/vancouverisland
Vernon, /r/vernon
Victoria, /r/victoriabc
West Vancouver, /r/westvancouver
Whistler, /r/whistler
White Rock, /r/WhiteRock
Willemien, /r/willemien
Williams Lake, /r/williamslake
Winfield, /r/winfieldbc
Windermere, /r/Windermere
Manitoba, /r/manitoba
Manitoba Canada, /r/manitobacanada
Brandon, /r/brandon
Brandon MB, /r/brandonmanitoba
Carberry, /r/carberry
Flin Flon, /r/flinflon
Souris, /r/souris
Ste. Anne, /r/SteAnne
Steinbach, /r/steinbach
Swan River, /r/swanriver
The Pas, /r/ThePasMB
Victoria Beach, /r/VictoriaBeachMB
Winnipeg, /r/winnipeg
Winnipeg Manitoba, /r/winnipegmanitoba
Winnipeg MB, /r/winnipegmb
New Brunswick, /r/newbrunswickcanada
Bathurst, /r/Bathurst
Chipman, /r/Chipman
Edmundston, /r/edmundston
Fredericton, /r/fredericton
Grand Manan, /r/GrandManan
Miramichi, /r/Miramichi
Moncton, /r/moncton
Quispamsis, /r/Quispamsis
Riverview, /r/RiverviewNB
Rogersville, /r/Rogersville
Sackville, /r/Sackville
Saint John, /r/saintjohnnb
Sussex, /r/SussexNB
Newfoundland, /r/newfoundland
Conception Bay South, /r/conceptionbaysouth
Corner Brook, /r/CBNL
Labrador City, /r/labcity
Mount Pearl, /r/MountPearl
St. John's, /r/stjohnsnl
Northwest Territories, /r/nwt
Inuvik, /r/Inuvik
Yellowknife, /r/yellowknife
Nova Scotia, /r/novascotia
New Scotland, /r/New_Scotland
Annapolis Valley, /r/annapolisvalley
Antigonish, /r/Antigonish
Cape Breton Island, /r/capebreton
Dartmouth, /r/dartmouthnovascotia
Eastern Passage, /r/EasternPassage
Fairmount, /r/fairmount
Guysborough, /r/guysborough
Halifax, /r/halifax
Head of Chezzetcook, /r/Chezzetcook
Lunenburg, /r/Lunenburg
New Glasgow, /r/newglasgow
Pictou, /r/pictou
Sable Island, /r/SableIsland
Sackville, /r/sackvegas
Truro, /r/Truro
Yarmouth, /r/YarmouthNovaScotia
Nunavut, /r/nunavut
Alert, /r/AlertCanada
Iqaluit, /r/iqaluit
Ontario, /r/ontario
Upper Canada, /r/uppercanada
Acton, /r/Acton
Addington Highlands, /r/addingtonhighlands
Algonquin Provincial Park, /r/algonquinpark
Alliston Ontario, /r/allistonontario
Alliston, /r/alliston
Almonte, /r/Almonte
Annex, /r/Annex
Bancroft, /r/Bancroft
Barrie, /r/barrie
Barrie ON, /r/BarrieOntario
Belle River, /r/belleriver
Belleville, /r/BellevilleOntario
Binbrook, /r/Binbrook
Brampton, /r/brampton
Brantford, /r/brantford
Bowmanville, /r/bowmanville
Brockville, /r/Brockville
Burlington-tario, /r/burlingtontario
Burlington ON, /r/burlingtonon
Burlington, city of, /r/cityofburlington
Cambridge ON, /r/cambridgeon
Cambridge, /r/cambridgeontario
Carleton Place, /r/carletonplace
Carlisle, /r/carlisleontario
Cobourg, /r/Cobourg
Constance Bay, /r/constancebay
Cookstown, /r/cookstown
Cornwall, /r/CornwallOnt
Cornwall ON, /r/cornwallon
Deep River, /r/deep_river
Delhi, /r/DelhiON
Don Mills, /r/donmills
Dorchester, /r/dorchesterontario
Dryden, /r/dryden
Dundas, /r/Dundas
Durham Region, /r/durham
Espanola, /r/espanola
Essex, /r/EssexOntario
Falconbridge, /r/falconbridge
Fonthill, /r/fonthill
Fort Frances, /r/fortfrances
Frankford, /r/Frankford
Georgetown, /r/georgetownontario
Golden Triangle, /r/goldentriangle
Grafton, /r/grafton
Grey Bruce, /r/greybruce
Guelph, /r/guelph
Haldimand & Norfolk County, /r/haldimandnorfolk
Halton Hills, /r/haltonhills
Hamilton, /r/hamilton
Kanata, /r/kanata
Kawartha Lakes, /r/kawarthalakes
Keswick, /r/Keswick
Kingston, /r/KingstonOntario
Kitchener, /r/kitchener
Lindsay, /r/lindsay
Lively, /r/lively
London, /r/londonontario
London ON, /r/ldnont
Long Point, /r/LongPoint
Lorne Park, /r/lornepark
Markham, /r/markham
Meaford, /r/meaford
Merrickville, /r/merrickville
Midland, /r/midland_on
Milton, /r/milton
Milton ON, /r/miltonon
Mississauga, /r/mississauga
Mitchell, /r/mitchell_ontario
Newmarket, /r/newmarket
Niagara, /r/niagara
Niagara-on-the-Lake, /r/notl
Norfolk, /r/NorfolkON
North Bay, /r/northbay
Oak Ridges, /r/OakRidges_Ontario
Oakville, /r/oakville
Orangeville, /r/orangeville
Orillia, /r/orillia
Oshawa, /r/Oshawa
Ottawa, /r/ottawa
Owen Sound, /r/owensound
Parry Sound, /r/parrysound
Peterborough, /r/peterborough
Peterborough ON, /r/ptbo
Petrolia, /r/petrolia
Pickering, /r/pickering
Picton, /r/Picton
Port Dover, /r/PortDover
Port Hope, /r/porthope
Port Perry, /r/portperry
Prince Edward County, /r/PrinceEdwardCounty
Quetico Provincial Park, /r/quetico
Renfrew, /r/renfrew
Richmond Hill, /r/richmondhill
Roncesvalles Village, /r/roncesvalles_village
Russell, /r/russellontario
Sarnia, /r/sarnia
Sault Sainte Marie, /r/SaultSteMarie
Scarborough, /r/scarborough
Shelburne, /r/shelburne
Southern Ontario (905, /r/905
Southwestern Ontario, /r/southwesternontario
Sprucedale, /r/sprucedale
St. Catharine's, /r/stcatharines
St. Catharine's ON, /r/stcatharineson
St. Thomas, /r/stthomasontario
Stayner, /r/stayner
Stratford, /r/stratfordontario
Strathroy, /r/strathroy
Sudbury, /r/sudbury
Thornhill, /r/thornhill
Thunder Bay, /r/thunderbay
Tillsonburg, /r/tillsonburg
Tobermory, /r/Tobermory
Toronto, /r/toronto
Turkey Point, /r/TurkeyPoint
Vankleek Hill, /r/VankleekHill
Vaughan, /r/vaughan
Wasaga Beach, /r/wasagabeach
Waterloo, /r/waterloo
Waterloo Region, /r/waterlooregion
Welland, /r/Welland
Windsor, /r/windsorontario
Windsor Ontario, /r/windsorontariocanada
Woodstock, /r/woodstockont
Woodstock ON, /r/woodstockontario
Yarker, /r/YarkerOntario
York Region, /r/yrkregion
Prince Edward Island, /r/pei
Charlottetown, /r/charlottetown
Summerside, /r/summerside
Québec, /r/quebec
Abitibi-Témiscamingue, /r/abitibi
Armagh, /r/Armagh
Aylmer, /r/Aylmer
Beauce, /r/Beauce
Châteauguay, /r/Chateauguay
Dorval, /r/Dorval
Gatineau, /r/gatineau
Kahnawake Mohawk Territory, /r/Kahnawake
LaSalle, /r/villelasalle
Laval, /r/laval
Lévis, /r/QuebecLevis
Longueuil, /r/longueuil
Matane, /r/matane
Mistissini, /r/mistissini
Montréal, /r/montreal
Mont-Tremblant, /r/MontTremblant
North Hatley, /r/NorthHatley
Outaouais, /r/Outaouais
Pointe-Claire, /r/pteclaire
Québec City, /r/quebeccity
Rive-Sud (South Shore, /r/RiveSud
Rimouski, /r/Rimouski
Riviere-du-Loup, /r/riviereduloup
Saguenay, /r/saguenay
Saguenay-Lac-Saint-Jean, /r/saglac
Saint-Hyacinthe, /r/sthyacinthe
Saint-Jean-sur-Richelieu, /r/sjsr
Salaberry-de-Valleyfield, /r/valleyfield
Sherbrooke, /r/sherbrooke
Trois-Rivières, /r/troisrivieres
Verdun, /r/Verdun
Victoriaville, /r/victoriaville
West Island, /r/westislandmtl
Saskatchewan, /r/saskatchewan
Delisle, /r/delisle
Estevan, /r/EstevanSK
Lac La Ronge Provincial Park, /r/laclaronge
La Ronge, /r/laronge
Moose Jaw, /r/moosejaw
Prince Albert, /r/Prince_Albert
Prince Albert SK, /r/princealbertsk
Regina, /r/regina
Saskatoon, /r/saskatoon
Weyburn, /r/weyburn
Yorkton, /r/yorkton
* Yukon, /r/yukon
*Back to top, /r/LocationReddits/wiki/faq/northamerica*
United States, /r/unitedstates
United States of America, /r/unitedstatesofamerica
The United States, /r/theunitedstates
America, /r/america
Estados Unidos, /r/EstadosUnidos
Four Corners (AZ, CO, NM, UT, /r/FourCorners
Inland Northwest, /r/inlandnorthwest
New England, /r/newengland
Alabama, /r/alabama
Anniston, /r/Anniston
Arab, /r/ArabAlabama
Auburn, /r/auburn
Baldwin County, /r/baldwincountyal
Birmingham, /r/birmingham
Blountsville, /r/blountsville
Calera, /r/Calera
Calhoun County, /r/CalhounCounty
Cullman, /r/Cullman
Dothan, /r/dothan
Dothan AL, /r/DothanAL
Fairhope, /r/fairhopeAlabama
Fayette County, /r/FayetteCounty
Florence, /r/florenceal
Gadsden, /r/gadsden
Gordo, /r/gordo
Greenville, /r/greenvilleal
Gulf Shores, /r/gulfshores
Hartselle, /r/Hartselle
Hoover, /r/cityofhoover
Hoover AL, /r/HooverAL
Huntsville, /r/huntsvillealabama
Jacksonville, /r/JacksonvilleAL
Madison, /r/Madisonalabama
Marshall County, /r/marshallcountyal
Mobile, /r/mobileal
Montgomery, /r/montgomery
Mountain Brook, /r/mountainbrook
Orange Beach, /r/oba
Oxford, /r/OxfordAL
Prattville, /r/prattville
Ragland, /r/Ragland
Selma, /r/selma
Shoals, /r/shoals
Southwest Alabama (251, /r/251
Summerdale, /r/SummerdaleAL
Sylacauga, /r/sylacauga
Talladega, /r/talladega
Thomasville, /r/ThomasvilleAL
Trussville, /r/Trussville
Tuscaloosa, /r/tuscaloosa
Vestavia, /r/vestavia
Vestavia Hills, /r/vestaviahills
Alaska, /r/alaska
Aleutian Islands, /r/AleutianIslands
Anchorage, /r/Anchorage
Barrow, /r/BarrowAK
Bethel, /r/ BethelAK
Cordova, /r/Cordova
Fairbanks, /r/fairbanks
Homer, /r/homerAK
Juneau, /r/juneau
Kenai, /r/Kenai
Ketchikan, /r/ketchikan
Kodiak, /r/kodiak
Matsu Valley, /r/MatSu
Nome, /r/nome
Palmer, /r/PalmerAK
Seward, /r/Seward
Sitka, /r/Sitka
Skagway, /r/skagway
Spenard, /r/spenardak
Sterling, /r/sterlingalaska
talkeetna, /r/Talkeetna
Valdez, /r/valdez
Wasilla, /r/Wasilla
Yukon, /r/yukon
Arizona, /r/arizona
Ahwatukee, /r/ahwatukeeAZ
Anthem, /r/anthem
Avondale, /r/avondaleaz
Bagdad, /r/Bagdad
Bisbee, /r/bisbee
Casa Grande, /r/casagrandearizona
Cave Creek, /r/cavecreek
Chandler, /r/chandleraz
Chinle, /r/chinle
Cochise County, /r/cochise
Flagstaff, /r/flagstaff
Fountain Hills, /r/fountainhills
Gilbert, /r/GilbertArizona
Glendale, /r/GlendaleAZ
Grand Canyon National Park, /r/grandcanyon
Goodyear, /r/GoodyearAZ
Happy Jack, /r/happyjack
Heber-Overgaard, /r/heberovergaard
Jerome, /r/jeromeaz
Kingman, /r/kingman
Lake Havasu City, /r/lakehavasucity
Lake Havasu City AZ, /r/LakeHavasuCityAZ
Litchfield Park, /r/LitchfieldPark
Marana, /r/Marana
Maricopa, /r/maricopa
Mesa, /r/mesaaz
Mohave County, /r/mohavecounty
New River, /r/NewRiver
Nogales, /r/Nogales
North Phoenix, /r/northphoenix
Paradise Valley, /r/paradisevalley
Payson, /r/payson
Phoenix, /r/phoenix
Phoenix Arizona, /r/phoenixarizona
Phoenix AZ, /r/phoenixaz
Phoenix (PHX, /r/phx
Prescott, /r/prescott
Queen Creek, /r/queencreek
San Tan Valley, /r/santanvalley
Scottsdale, /r/scottsdale
Sedona, /r/sedona
Sierra Vista, /r/sierravista
Sonoita, /r/sonoita
Surprise, /r/surpriseaz
Tempe, /r/tempe
Tombstone, /r/Tombstone
Tucson, /r/tucson
West Valley, /r/WestValleyAZ
Wittmann, /r/Wittmann
Yuma, /r/yuma
Arkansas, /r/arkansas
Natural State, /r/naturalstate
Alma, /r/almaarkansas
Ashdown, /r/ashdown
Batesville, /r/Batesville
Benton, /r/bentonarkansas
Bentonville, /r/bentonville
Buffalo River, /r/buffaloriver
Cabot, /r/CabotArkansas
Conway, /r/conwayar
Eureka Springs, /r/eurekasprings
Fayetteville, /r/fayetteville
Fayetteville AR, /r/FayettevilleAr
Fort Smith, /r/fortsmith
Hot Springs, /r/hotsprings
Jasper, /r/jasperar
Jonesboro, /r/jonesboro
Jonesboro AR, /r/jonesboroar
Little Rock, /r/littlerock
Malvern, /r/malvern
Maumelle, /r/maumelle
Mountain Home, /r/Mountainhomearkansas
Northwest Arkansas, /r/northwestarkansas
Northwest Arkansas (NWA, /r/NWAReddit
NW Arkansas, /r/nwarkansas
Pine Bluff, /r/pinebluff
Stonesboro, /r/stonesboroar
Subiaco, /r/Subiaco
Texarkana, /r/texarkana
Vilonia, /r/Vilonia
California, /r/california
Northern, /r/LocationReddits/wiki/faq/northamerica
Central, /r/LocationReddits/wiki/faq/northamerica
Southern, /r/LocationReddits/wiki/faq/northamerica
*More California-related reddits, /r/California/wiki/faq*
Northern California, /r/NCAL
Northeast California (530, /r/Dirty530
Albany, /r/albanyca
American Canyon, /r/americancanyon
Anderson Valley, /r/AndersonValley
Antelope, /r/antelope
Arcata, /r/arcata
Auburn, /r/auburnca
Auburn CA, /r/AuburnCalifornia
Auburn Lake Trails, /r/auburnlaketrails
Alameda, /r/alameda
Arcata, /r/Arcata
Bay Area, /r/BayArea
Belmont, /r/belmontca
Benicia, /r/benicia
Berkeley, /r/berkeley
Berkeley CA, /r/berkeleyca
Bernal Heights, /r/bernalheights
Bonny Doon, /r/BonnydoonCA
Boulder Creek, /r/BoulderCreek
Burlingame, /r/burlingame
Calistoga, /r/calistoga
Campbell, /r/Campbell
Carmel, /r/carmelbythesea
Carmel Valley, /r/CarmelValley
Castro, /r/Castro
Chico, /r/ChicoCA
Citrus Heights, /r/citrusheights
Crockett, /r/crockett
Cutten, /r/Cutten
Danville, /r/Danville
Davis, /r/davisca
Dixon, /r/Dixon
East Bay, /r/eastbay
Elk Grove, /r/elkgrove
Emeryville, /r/Emeryville
Excelsior District, /r/excelsiordistrict
Fairfield, /r/fairfieldCA
Fair Oaks, /r/fairoaks
Folsom, /r/folsom
Foresthill, /r/Foresthill
Fort Bragg, /r/FortBraggCA
Fremont, /r/fremont
Gilroy, /r/Gilroy
Glen Cove, /r/Glencove
Grass Valley, /r/grassvalley
Greenville, /r/greenvilleca
Half Moon Bay, /r/halfmoonbay
Hayward, /r/Hayward
Humboldt, /r/humboldt
Humboldt County, /r/HumboldtCounty
Humboldt_County, /r/Humboldt_County
Hyampom, /r/hyampom
Kings Beach, /r/kingsbeach
Lafayette, /r/LafayetteCA
Lake County, /r/lakecounty
Lake County CA, /r/LakeCountyCa
Lake Tahoe, /r/laketahoe
Lake Tahoe North, /r/northlaketahoe
Lake Tahoe South, /r/southlaketahoe
Lagunitas, /r/lagunitas
Lincoln, /r/lincolnca
Livermore, /r/Livermore
Los Altos Hills, /r/losaltoshills
Los Gatos, /r/lgcalifornia
Los Gatos CA, /r/losgatoscalifornia
Magalia, /r/Magalia
Manteca, /r/manteca
Marin County, /r/marin
Mckinleyville, /r/mckinleyville
Mendocino, /r/Mendocino
Mendocino_Coast, /r/Mendocino_Coast
Mendocino Coast, /r/mendocinocoast
Menlo, /r/InMenlo
Menlo Park, /r/menlopark
Millbrae, /r/millbrae
Mill Valley, /r/MillValley
Monta Loma, /r/mln
Montara, /r/Montara
Monterey Bay, /r/MontereyBay
Moraga, /r/moraga
Morgan Hill, /r/morganhill
Mountain House, /r/MountainHouseCA
Napa, /r/napa
Napa Valley, /r/napavalley
Natividad, /r/NatividadCalifornia
Nevada City, /r/nevadacity
Nevada County, /r/nevadacounty
Newark, /r/NewarkCA
Novato, /r/novato
Oakland, /r/oakland
Orick, /r/Orick
Orangevale, /r/orangevale
Orinda, /r/orinda
Pacific Grove, /r/pacificgrove
Pacifica, /r/pacifica
Palo Alto, /r/paloalto
Petaluma, /r/petaluma
Petaluma CA, /r/petalumaca
Piedmont, /r/piedmont
Piedmont CA, /r/piedmontca
Placerville, /r/placerville
Pleasanton, /r/pleasanton
Plumas County, /r/plumascountyca
Redding, /r/Redding
Redwood City, /r/RedwoodCity
Richmond, /r/RichmondCA
Rohnert Park, /r/rohnertpark
Roseville, /r/Roseville
Sacramento, /r/Sacramento
San Anselmo, /r/SanAnselmo
San Bruno, /r/SanBruno
San Carlos, /r/SanCarlos
San Francisco, /r/SanFrancisco
SF Mission District, /r/sfmission
SF Tenderloin District, /r/sftenderloin
San José, /r/SanJose
San Mateo, /r/sanmateo
San Mateo County, /r/SanMateoCounty
Santa Clara, /r/santaclara
Santa Cruz, /r/SantaCruz
Santa Cruz (locals, /r/SantaCruzLocals
San Rafael (94901, /r/94901
Santa Rosa, /r/santarosa
Sausalito, /r/sausalito
Scotia, /r/scotia
Scotts Valley, /r/ScottsValley
Seabright, /r/Seabright
Sevastopol, /r/sevastopol
Solano County, /r/solanocounty
Sonoma, /r/sonoma
Sonoma County, /r/sonomacounty
South San Francisco, /r/SouthSanFrancisco
Silicon Valley, /r/siliconvalley
St. Helena, /r/StHelena
Suisun, /r/SuisunCA
Sunnyvale, /r/sunnyvale
Tahoe, /r/tahoe
Tehama County, /r/TehamaCounty
Tahoe City, /r/tahoecity
Tahoe Vista, /r/tahoevista
Truckee, /r/truckee
Ukiah, /r/ukiah
Union City, /r/unioncity
Vacaville, /r/vacaville
Walnut Creek, /r/walnutcreek
Watsonville, /r/Watsonville
West Oakland, /r/westoakland
West Sacramento, /r/westsacramento
Willits, /r/Willits
Willow Glen, /r/WillowGlen
Windsor, /r/WindsorCalifornia
Woodland, /r/Woodland
Yolo County, /r/yolocounty
Yuba City, /r/yubacityca
Atascadero, /r/atascadero
Avenal, /r/Avenal
Bakersfield, /r/Bakersfield
Bakersfield CA, /r/BakersfieldCA
Big Sur, /r/bigsur
Bishop, /r/Bishop
Cambria, /r/cambria
Cantua Creek, /r/cantuacreek
Cayucos, /r/cayucos
Central Valley, /r/centralvalley
Ceres, /r/ceres
Coalinga, /r/coalinga
Death Valley National Park, /r/DeathValleyNP
Dinuba, /r/Dinuba
Farmersville, /r/Farmersville
Fresno, /r/Fresno
Hanford, /r/Hanford
Kerman, /r/kerman
King City, /r/kingcity
Lodi, /r/lodi
Lompoc, /r/lompoc
Madera, /r/Madera
Mammoth Mountain, /r/mammothmountain
Mariposa, /r/Mariposa
Merced, /r/Merced
Modesto, /r/Modesto
Morro Bay, /r/morrobay
Oakdale, /r/Oakdale
Oildale, /r/Oildale
Pismo Beach, /r/pismo
Porterville, /r/porterville
Salida, /r/Salida
Salinas, /r/salinas
San Luis Obispo, /r/slo
Santa Maria, /r/SantaMaria
Sequoia &amp; Kings Canyon National Parks, /r/SEKI
Shafter, /r/shafter
Shaver Lake, /r/shaverlake
Sonora, /r/sonoraca
Stockton, /r/stocktonca
Taft, /r/taft
Vacaville, /r/vacaville
Visalia, /r/Visalia
Waterford, /r/waterford
Wofford Heights, /r/woffordheights
Yosemite National Park, /r/yosemite
Southern California (SolCal, /r/socal
Southern California, /r/southerncalifornia
Southland, /r/Southland
Agoura Hills, /r/agourahills
Alhambra, /r/alhambra
Altadena, /r/altadena
Anaheim, /r/Anaheim
Antelope Valley, /r/antelopevalley
Anza Borrego Desert State Park, /r/anzaborrego
Atwater Village, /r/AtwaterVillage
Beaumont, /r/BeaumontCa
Belmont Shore, /r/belmontshore
Beverly Hills, /r/beverlyhills
Big Bear, /r/BigBear
Bloomington, /r/Bloomington_Ca
Brea, /r/Brea
Buena Park, /r/BuenaPark
Burbank, /r/burbank
Calabasas, /r/calabasas
California City, /r/CaliforniaCity
Camarillo, /r/Camarillo
Canoga Park, /r/canogapark
Carlsbad, /r/carlsbad
Carlsbad CA, /r/carlsbadca
Carpinteria, /r/carpinteria
Carson, /r/CarsonCA
Chula Vista, /r/ChulaVista
Claremont, /r/Claremont
Coachella Valley, /r/CoachellaValley
Compton, /r/compton
Conejo Valley, /r/ConejoValley
Corona, /r/Corona
Corona CA, /r/cityofcorona
Covina, /r/covina
Culver City, /r/culvercity
Dana Point, /r/danapoint
Diamond Bar, /r/diamondbar
Eagle Rock, /r/eaglerock
Eagle Rock CA, /r/eaglerockca
East County, /r/EastCounty
East Los Angeles, /r/eastla
Eastvale, /r/eastvale
Echo Park, /r/EchoPark
Edwards Air Force Base, /r/EdwardsAFB
El Segundo, /r/ElSegundo
Fountain Valley, /r/fountainvalley
Fullerton, /r/Fullerton
Glamis, /r/glamis
Glendale, /r/glendale
Granada Hills, /r/GranadaHills
Grand Terrace, /r/grandterrace
Goleta, /r/goleta
Hacienda Heights, /r/HaciendaHeights
Hemet, /r/hemetca
High Desert, /r/HighDesert
Hollydale, /r/Hollydale
Hollywood, /r/HollywoodCA
Huntington Beach, /r/HuntingtonBeach
Indio, /r/indio
Imperial Beach, /r/Imperial_Beach
Inland Empire, /r/InlandEmpire
Irvine, /r/Irvine
Irvine CA, /r/talkirvine
Isla Vista, /r/islavista
Jamul, /r/Jamul
Joshua Tree National Park, /r/joshuatree
Kern River, /r/kern
La Crescenta, /r/LaCrescentaCA
La Habra, /r/lahabra
La Habra CA, /r/LaHabraCA
La Jolla, /r/lajolla
La Mesa, /r/lamesa
La Presa, /r/LaPresa
La Puente, /r/LaPuente
La Quinta, /r/LaQuinta
La Verne, /r/laverne
Ladera Ranch, /r/LaderaRanch
Lakewood, /r/Lakewood_CA
Lawndale, /r/Lawndale
Long Beach, /r/LongBeach
Los Angeles, /r/LosAngeles
Los Angeles, city of, /r/cityofla
Los Angeles Downtown, /r/dtla
Los Angeles Westside, /r/LAWestside
Lynwood, /r/lynwood
Malibu, /r/malibu
Manhattan Beach, /r/ManhattanBeach
Marina Del Rey, /r/marinadelrey
Mira Loma, /r/Miraloma
Mission Beach, /r/missionbeach
Mission Viejo, /r/missionviejo
Mojave, /r/mojave
Mojave National Park, /r/MojaveNP
Monrovia, /r/monrovia
Monterey Park, /r/montereypark
Montecito, /r/montecito
Moorpark, /r/moorpark
Moreno Valley, /r/MorenoValley
Murrieta, /r/murrietareddit
National City, /r/nationalcity
Needles, /r/needlesca
Newport Beach, /r/newportbeach
Newport Beach CA, /r/NewportBeachCA
Norco, /r/Norco
Northeast Los Angeles, /r/NortheastLA
North County, /r/northcounty
North Hollywood (NoHo, /r/noho
North Hollywood, /r/northhollywood
Norwalk, /r/norwalkca
Oak Park, /r/oakpark
Oceanside, /r/oceanside
Ojai, /r/ojai
Orange County, /r/OrangeCounty
Oxnard, /r/oxnard
Pacific Palisades, /r/PacificPalisades
Palmdale, /r/palmdale
Palm Springs, /r/palmsprings
Palos Verdes, /r/palosverdes
Pasadena, /r/Pasadena
Poway, /r/poway
Ramona, /r/RamonaCalifornia
Rancho Santa Margarita, /r/ranchosantamargarita
Redlands, /r/Redlands
Redondo Beach, /r/redondobeach
Reseda, /r/Reseda
Rialto, /r/rialto
Riverside, /r/CityofRiverside
Riverside (Riverslime, /r/Riverslime
Riverside County, /r/RiversideCounty
Rowland Heights, /r/RowlandHeights
Salton Sea, /r/saltonsea
San Bernardino, /r/SanBernardino
San Bernardino County, /r/SanBernardinoCounty
San Bernardino (909, /r/909
San Clemente, /r/SanClemente
San Diego, /r/SanDiego
San Dimas, /r/sandimas
San Fernando Valley, /r/SFV
San Gabriel, /r/sangabriel
San Gabriel Valley, /r/sgv
San Juan Capistrano, /r/sanjuancapistrano
San Marcos, /r/sanmarcosca
San Marcos (760, /r/sanmarcos760
San Marino, /r/sanmarino
San Pedro, /r/sanpedro
Santa Ana, /r/santaana
Santa Barbara, /r/SantaBarbara
Santa Clarita, /r/santaclarita
Santa Clarita Valley, /r/SantaClaritaValley
Santa Monica, /r/Santamonica
Santa Monica Mountains, /r/SantaMonicaMountains
Santa Ynez Valley, /r/santaynez
Santee, /r/santee
Seal Beach, /r/SealBeach
Signal Hill, /r/Signalhill
Silverlake, /r/Silverlake
Simi Valley, /r/simivalley
Simi_Valley, /r/simi_valley
South Bay, /r/SouthBayLA
South Pasadena, /r/southpasadena
Tehachapi, /r/Tehachapi
Temecula, /r/temecula
Temple City, /r/templecity
Thousand Oaks, /r/thousandoaks
Toluca Lake, /r/tolucalake
Torrance, /r/torrance
Tustin, /r/tustin
Tustin CA, /r/tustinca
Upland, /r/upland
Venice, /r/venice
Ventura, /r/Ventura
Ventura County, /r/venturacounty
Walnut, /r/Walnut
West Hollywood (WeHo, /r/weho
West Hollywood, /r/westhollywood
Westwood, /r/westwood
Whittier, /r/Whittier
Whittier CA, /r/WhittierCA
Wrightwood, /r/wrightwood
Yorba Linda, /r/YorbaLinda
Yucaipa, /r/yucaipa
*Back to top, /r/LocationReddits/wiki/faq/northamerica*
Colorado, /r/colorado
Arvada, /r/Arvada
Aspen, /r/Aspen
Aurora, /r/auroraco
Beaver Creek, /r/beavercreek
Breckenridge, /r/Breckenridge
Broomfield, /r/Broomfield
Boulder, /r/boulder
Castle Rock, /r/castlerock
Colorado Springs, /r/coloradosprings
Cortez, /r/Cortez
Denver, /r/denver
Denver (MileHighCity, /r/MileHighCity
Denver West, /r/denverwest
Durango, /r/durango
Eagle, /r/EagleColorado
Eagle County, /r/eaglecounty
Eagle-Vail, /r/eaglevail
Englewood-Littleton, /r/EnglewoodLittletonCO
Erie CO, /r/ErieCO
Erie, /r/ErieColorado
Estes Park, /r/estespark
Fort Collins, /r/fortcollins
Fort Collins (FoCo, /r/foco
Four Corners Region, /r/FourCorners
Fruita, /r/fruita
Golden, /r/GoldenCO
Grand Junction, /r/grandjunction
Grand Junction CO, /r/grandjunctionco
Grand Lake, /r/grandlake
Greeley, /r/Greeley
Greeley CO, /r/greeleyCO
Gunnison County, /r/gunnison
Gypsum, /r/Gypsum
Highlands Ranch, /r/highlandsranch
Kremmling, /r/Kremmling
Kremmling CO, /r/KremmlingCo
La Junta, /r/La_Junta
Leadville, /r/PBville
Littleton, /r/Littleton
Longmont, /r/longmont
Louisville CO, /r/LouisvilleCO
Louisville, /r/LouisvilleColorado
Loveland, /r/loveland
Lucerne, /r/lucernecolorado
Lyons, /r/lyons
Manitou Springs, /r/manitousprings
North Colorado, /r/North_Colorado
Northen Colorado, /r/NoCo
Peyton, /r/PeytonColorado
Pueblo, /r/pueblo
Roaring Fork, /r/roaringfork
Rocky Mountain National Park, /r/RMNP
San Luis Valley, /r/SLV
Snowmass Village, /r/snowmass
Summit County, /r/summit
Thorton, /r/thorton
Thornton Westminster Northglenn, /r/twn
Trinidad, /r/trinidadco
Vail, /r/vail
Western Colorado, /r/westerncolorado
Willamette, /r/willametteco
Wolf Creek, /r/wolfcreek
Connecticut, /r/connecticut
Ansonia, /r/Ansonia
Bethel, /r/bethelct
Bridgeport, /r/BridgeportCT
Broad Brook, /r/BroadBrookCT
Danbury, /r/Danbury
Eastern Connecticut, /r/EasternCT
East Haddam, /r/east_haddam
Enfield, /r/EnfieldCT
Fairfield, /r/fairfield
Fairfield County, /r/fairfieldcounty
Farmington Valley, /r/FarmingtonValley
Glastonbury, /r/GlastonburyCT
Greenwich, /r/Greenwich
Groton, /r/groton
Hartford, /r/hartford
Litchfield County, /r/litchfieldct
Madison (06443, /r/06443
Manchester, /r/SilkCity
Meriden, /r/meridenct
Milford, /r/Milford
Milford CT, /r/milford_CT
New Britain, /r/newbritain
New Haven, /r/newhaven
New London, /r/newlondon
New Milford, /r/Newmilford
Northeast Connecticut, /r/NortheastConnecticut
Northeast CT, /r/NortheastCT
Norwich, /r/norwichct
Plainfield, /r/PlainfieldConn
Point O' Woods, /r/pointowoods
Old Lyme, /r/oldlymect
Old Saybrook, /r/oldsaybrook
Redding, /r/reddingct
Rocky Hill, /r/RockyHill
Shelton, /r/sheltonct
Somers, /r/Somers
Southington, /r/Southington
South Norwalk, /r/Sono
Stamford, /r/stamfordconn
Stamford CT, /r/StamfordCT
Stratford, /r/StratfordCT
Tolland, /r/TollandCT
Torrington, /r/torringtonct
Waterbury, /r/WaterburyCT
Watertown, /r/WatertownCT
West Hartford, /r/westhartford
Westport, /r/WestportCT
Wethersfield, /r/wethersfield
Woodbury, /r/WoodburyCT
Woodstock, /r/Woodstockct
Delaware, /r/delaware
Dover, /r/DoverDE
Newark, /r/newarkde
Ocean View, /r/oceanview
Wilmington, /r/wilmingtonDE
Washington DC, /r/washingtondc
Washington_DC, /r/washington_dc
District of Columbia, /r/districtofcolumbia
Brookland, /r/brookland
Cleveland Park, /r/cleveland_park
Georgetown, /r/georgetown
Mt. Vernon Square, /r/MountVernonSquareDC
Mt. Vernon Triangle, /r/MountVernonTriangleDC
NoMa, /r/nomadc
Olney, /r/olney
Petworth, /r/petworth
Takoma, /r/TakomaDC
Takoma Park, /r/takomapark
Florida, /r/florida
Anna Maria Island, /r/annamariaisland
Apalachicola, /r/apalachicola
Apopka, /r/apopka
Auburndale, /r/Auburndale
Aventura, /r/aventura
Belleview, /r/belleview
Brevard County (321, /r/321
Bostwick, /r/bostwick
Boynton Beach, /r/boyntonbeach
Bradenton, /r/bradenton
Brandon, /r/brandonFL
Brevard County, /r/brevardfl
Broward, /r/broward
Cape Coral, /r/capecoral
Captiva Island, /r/captiva
Celebration, /r/Celebration
Central Florida, /r/centralflorida
Charlotte County, /r/charlottecounty
Citrus County, /r/citruscountyflorida
Clearwater, /r/clearwaterfl
Clermont, /r/Clermont
Clermont FL, /r/ClermontFL
Coconut Creek, /r/coconutcreek
Coconut Grove, /r/coconutgrove
Coral Gables, /r/coralgables
Coral Springs, /r/coralsprings
Crawfordville, /r/crawfordville
Davie, /r/davie
Daytona Beach, /r/DaytonaBeach
Debary, /r/debary
Deerfield Beach, /r/deerfieldbeach
DeLand, /r/deland
Delray Beach, /r/delraybeach
Deltona, /r/deltona
Destin, /r/destin
Dunedin, /r/DunedinFlorida
Dunnellon, /r/dunnellon
Ellenton, /r/Ellenton
Englewood, /r/englewoodfl
Estero, /r/estero
Everglades National Park, /r/Everglades
Fernandina Beach, /r/fernandinabeach
Flagler Beach, /r/flaglerbeach
Florida Keys, /r/floridakeys
Florida Keys-Key West, /r/FloridaKeysandKeyWest
Fort Lauderdale, /r/fortlauderdale
Fort Myers, /r/FortMyers
Fort Myers FL, /r/FtMyers_FL
Fort Walton Beach, /r/fortwaltonbeach
Gainesville, /r/gnv
Gulf Coast, /r/panhandlegulfcoast
Gulfport, /r/GulfportFL
Hernando County, /r/HernandoCountyFlorida
Highlands County, /r/highlands
Homestead, /r/HomesteadFL
Immokalee, /r/immokalee
Jacksonville, /r/jacksonville
Jacksonville Beach, /r/jacksonvillebeach
Jupiter, /r/JupiterFL
Key Largo, /r/KeyLargo
Key West, /r/KeyWest
Kissimmee, /r/kissimmee
Lake City, /r/LakeCity
Lake City FL, /r/lakecityflorida
Lake County, /r/lake
Lakeland, /r/lakeland
Lake Wales, /r/LakeWales
Lakewood Ranch, /r/LakewoodRanch
Lake Worth, /r/lakeworth
Longwood, /r/LongwoodFL
Marco Island, /r/MarcoIsland
Melbourne, /r/melbourneflorida
Melbourne FL, /r/melbourneFL
Merritt Island, /r/merrittisland
Miami, /r/miami
Milton, /r/MiltonFL
Mt. Dora, /r/mountdora
Myakka City, /r/MyakkaCity
Myakka City FL, /r/myakkacityFL
Naples, /r/naples_fl
Navarre, /r/NavarreNow
Niceville, /r/Niceville
Northern Florida (386, /r/386
North Florida, /r/NorthFlorida
Northwest Florida, /r/nwfl
Ocala, /r/ocala
Ocoee, /r/ocoee
Orange Park, /r/orangepark
Orlando Area (407, /r/407
Orlando, /r/orlando
Orlando Disney Area, /r/orlandodisneyarea
Orlando Greater Area, /r/greaterorlando
Ormond Beach, /r/OrmondBeachFL
Palm Beach, /r/palmbeach
Palm Coast, /r/palmcoast
Palmetto, /r/Palmetto
Palm Harbor, /r/palmharbor
Panama City, /r/panamacity
Panama City Beach (PCB, /r/PCB
Panama City Beach, /r/panamacitybeach
Parrish, /r/parrish
Pasco County, /r/Pasco
Pembroke Pines, /r/pembrokepines
Pensacola, /r/pensacola
Pensacola Beach, /r/pensacolabeach
Pinellas County, /r/pinellas
Plant City, /r/PlantCity
Polk County, /r/polk
Polk County (863, /r/863
Ponte Vedra, /r/pontevedra
Port Charlotte, /r/portcharlotte
Port Orange, /r/portorange
Port St. Joe, /r/portstjoe
Port St. John, /r/portstjohn
Port St. Lucie, /r/PortStLucie
Riverside, /r/riverside
Rockledge, /r/RockledgeFL
Sanford, /r/Sanford
Sanford FL, /r/SanfordFL
Sanibel Island, /r/sanibel
Sarasota, /r/sarasota
Seaside, /r/seaside
Sebring, /r/sebring
Spring Hill, /r/springhillfla
South_Florida, /r/south_florida
South Florida, /r/southflorida
South Walton, /r/southwalton
Southwood, /r/southwood
St. Augustine, /r/staugustine
St. Augustine Beach, /r/staugustinebeach
St. John's County, /r/stjohnscounty
St. Petersburg, /r/stpetersburgfl
Southwest Florida, /r/swfl
Sunny Isles Beach, /r/SunnyIslesBeach
Tampa, /r/tampa
Tampa Bay, /r/tampabay
Tallahassee, /r/tallahassee
Tallahassee (TLH, /r/tlh
Tequesta, /r/tequesta
Thornton Park, /r/ThorntonPark
Titusville, /r/titusville
Treasure Coast (772, /r/772
Treasure Coast, /r/treasurecoast
Valrico, /r/valrico
Venice, /r/veniceflorida
Venice FL, /r/Venice_FL
Wellington, /r/WellingtonFL
West Palm Beach, /r/WestPalmBeachFl
Winter Park, /r/WinterPark
Georgia, /r/georgia
Georgia USA, /r/georgiausa
Acworth, /r/acworth
Albany, /r/albanyga
Alpharetta, /r/alpharetta
Athens, /r/athens
Atlanta, /r/atlanta
Auburn, /r/Auburn_GA
Augusta, /r/augusta
Barrow County, /r/barrowcounty
Brookhaven, /r/Brookhaven
Camden, /r/CamdenGA
Canton, /r/cantonga
Carrollton, /r/carrolltongeorgia
Cartersville, /r/cartersville
Cherokee County, /r/cherokeecountyga
Cobb County, /r/CobbCounty
Cochran, /r/Cochran
Columbia County, /r/columbiacounty
Columbus, /r/columbusga
Conyers, /r/conyers
Cumming, /r/cumming
Cumming GA, /r/CummingGA
Dacula, /r/dacula
Dahlonega, /r/dahlonega
Dalton, /r/daltonga
Dawsonville, /r/Dawsonville
Decatur, /r/decaturga
Douglasville, /r/dvillega
Dublin, /r/dublinGA
Duluth, /r/DuluthGA
Dunwoody, /r/Dunwoody
East Cobb County, /r/snobbery
East Point, /r/eastpoint
Ellijay, /r/Ellijay
Fayette County, /r/fayco
Falcon Crest, /r/FalconCrest
Flowery Branch, /r/flowerybranch
Forsyth County, /r/forsyth
Franklin County, /r/franklincountyga
Grovetown, /r/grovetown
Gwinnett County, /r/gwinnett
Henry County, /r/Henrycounty
Hinesville, /r/HinesvilleGA
Holly Springs, /r/hollyspringsga
Jasper, /r/jasperga
Jekyll Island, /r/jekyllisland
Johns Creek, /r/johnscreek
Kennesaw, /r/kennesaw
La Grange, /r/lagrange
Leesburg, /r/leesburgga
Lilburn, /r/lilburn
Ludowici, /r/ludowici
Mableton, /r/mableton
Macon, /r/macon
Macon-Bibb County, /r/maconbibb
Marietta, /r/marietta
Marietta GA, /r/mariettaga
Middle Georgia, /r/middlegeorgia
Midtown Atlanta, /r/midtownatlanta
Milledgeville, /r/milledgeville
Newnan, /r/newnan
North Georgia, /r/northgeorgia
Oakwood, /r/OakwoodGA
Paulding County, /r/paulding
Rockdale, /r/rockdale
Rockdale County, /r/RockdaleCounty
Rome, /r/romega
Roswell, /r/roswell
Sandy Springs, /r/sandysprings
Savannah, /r/savannah
Smyrna, /r/smyrna
Southeast Georgia, /r/SEGANEFL
South Georgia, /r/SouthGARedditors
St. Simons Island, /r/stsimonsisland
Statesboro, /r/statesboro
Stone Mountain, /r/stonemtn
Summerville, /r/summervillega
Toccoa, /r/Toccoa
Toombs County, /r/ToombsCounty
Valdosta, /r/valdosta
Waycross, /r/waycross
West Georgia, /r/westgeorgia
Woodstock, /r/woodstockga
Hawaii, /r/hawaii
Big Island, /r/bigisland
Hana, /r/hanamaui
Honolulu, /r/honolulu
Kailua, /r/kailuakona
Kauai, /r/kauai
Kona, /r/kona
Maui, /r/maui
Idaho, /r/idaho
Boise, /r/boise
Coeur d'Alene, /r/coeurdalene
Eastern Idaho, /r/easternidaho
Gooding, /r/Gooding
Idaho Falls, /r/idahofalls
Inland Northwest, /r/inlandnorthwest
Kuna, /r/kuna
McCall, /r/McCallIdaho
Moscow, /r/moscowidaho
Mountain Home, /r/mountainhomeidaho
Nampa, /r/nampa
North Idaho, /r/northidaho
Pocatello, /r/pocatello
Rexburg, /r/rexburg
Sandpoint, /r/Sandpoint
Sun Valley, /r/SunValley
Twin Falls, /r/twinfalls
Illinois, /r/illinois
Albany Park, /r/albanypark
Alton, /r/AltonNews
Andersonville, /r/andersonvillechicago
Arlington Heights, /r/ArlingtonHeights
Aurora IL, /r/AuroraIL
Aurora, /r/auroraillinois
Barrington, /r/barringtonil
Bartlett, /r/BartlettIllinois
Batavia, /r/Batavia
Belleville, /r/bellevilleIL
Berwyn, /r/berwyn
Bethalto, /r/Bethalto
Bloomington, /r/bloomingtonil
Bloomington-Normal, /r/bloomingtonnormal
Buffalo Grove, /r/BuffaloGrove
Buffalo Grove (Webster County, /r/webstercounty
Canton, /r/CantonIL
Carbondale, /r/Carbondale
Carpentersville, /r/Carpentersville
Carol Stream, /r/carolstream
Central Illinois, /r/centralillinois
Champaign, /r/Champaign
Champaign-Urbana (Chambana, /r/chambana
Champaign-Urbana, /r/champaignurbana
Charleston, /r/charlestonil
Chatsworth, /r/Chatsworth
Chicago, /r/chicago
Chicago Metro Area, /r/chicagoland
Chicago Suburbs, /r/chicagosuburbs
Chicago Near West Suburbs, /r/NearWestSuburbs
Chicago Southside, /r/southside
Chicago West, /r/WestTown
Decatur, /r/Decatur
Deerfield, /r/deerfield
De Kalb, /r/dekalb
De Kalb Area, /r/dekalbarea
Des Plaines, /r/desplaines
Downers Grove, /r/DownersGrove
East Peoria, /r/eastpeoria
Edwardsville, /r/edwardsvilleil
Edwardsville (Eville, /r/eville
Elgin, /r/elgin
Elgin IL, /r/elginillinois
Elmhurst, /r/Elmhurst
Evanston, /r/evanston
Evanston IL, /r/evanstonil
Franklin Park, /r/franklinpark
Freeport, /r/freeport
Galena, /r/Galena
Galesburg, /r/galesburg
Geneseo, /r/GeneseoIllinois
Geneva, /r/GenevaIL
Granite City, /r/GraniteCity
Grayslake, /r/grayslake
Grayslake IL, /r/Grayslakeillinois
Gurnee, /r/gurnee
Highland, /r/Highland
Hinsdale, /r/hinsdale
Homer Glen, /r/homerglen
Huntley, /r/huntley
Joliet, /r/jolietillinois
Kankakee County, /r/SKankakee
Lake County, /r/lakecounty
Lake Zurich, /r/lakezurichil
La Salle County, /r/LaSalleCounty
Libertyville, /r/libertyville
Lombard, /r/lombard
Lombard (Lilac Village, /r/lilacvillage
Macomb, /r/MacombIL
Makanda, /r/Makanda
Marengo, /r/Marengo
McHenry, /r/McHenry
McHenry County, /r/mchenrycounty
Metro East, /r/metroeast
Metro East IL, /r/metroeastil
Monmouth, /r/MonmouthIL
Mt. Morris, /r/mtmorris
Mundelein, /r/Mundelein
Naperville, /r/naperville
New Baden, /r/newbaden
New Lenox, /r/newlenox
Normal, /r/NormalIL
North Aurora, /r/northaurora
Northbrook, /r/northbrook
North Central Illinois, /r/NorthCentralIllinois
Oak Lawn, /r/OakLawn
Oak Park, /r/oakparkil
Orland Park, /r/orlandpark
Palatine, /r/palatine
Park Ridge, /r/Parkridge
Pekin, /r/pekinillinois
Peoria, /r/peoria
Peoria IL, /r/peoriaIL
Plainfield, /r/Plainfield
Pontiac, /r/PontiacIllinois
Portage Park, /r/PortagePark
Quincy, /r/quincy
River Forest, /r/riverforestillinois
Rochester, /r/rochesteril
Rockford, /r/rockford
Round Lake, /r/roundlake
Schaumburg, /r/schaumburg
Skankakee, /r/skankakee
Southern Illinois (618, /r/618
Southern Illinois, /r/southernillinois
Springfield, /r/springfieldil
St. Charles, /r/StCharlesIL
St. Clair County, /r/stclairco
Tuscola, /r/tuscola
Vernon Hills, /r/vernonhills
Waukegan, /r/waukegan
Western Illinois, /r/westernillinois
Westmont, /r/westmontil
Wilmette, /r/Wilmette
Wrigleyville, /r/wrigleyville
Yorkville, /r/Yorkville
Indiana, /r/indiana
Anderson, /r/AndersonIN
Batesville, /r/BatesvilleUnited
Bloomington, /r/bloomington
Broadripple, /r/broadripple
Carmel, /r/Carmel
Carmel IN, /r/carmelin
Chesterton, /r/chesterton
Columbus IN, /r/columbusin
Columbus, /r/columbusindiana
Connersville, /r/connersville
Corydon, /r/corydon
Crown Point, /r/CrownPointIndiana
Elkhart, /r/Elkhart
Evansville, /r/evansville
Evansville IN, /r/evansvilleindiana
Fishers, /r/Fishers
Fort Wayne, /r/fortwayne
Huntington, /r/HuntingtonIN
Indianapolis, /r/indianapolis
Kendallville, /r/Kendallville
Kokomo, /r/kokomo
Lafayette, /r/lafayette
La Porte, /r/laporte
Logansport, /r/Logansport
Madison, /r/madtown
Marktown, /r/Marktown
Michiana, /r/michiana
Michigan City, /r/MichiganCityIndiana
Muncie, /r/muncie
New Albany, /r/newalbany
New Amsterdam, /r/newamsterdam
New Haven, /r/TheOtherNewHaven
Northwest Indiana (NWI, /r/nwi
Northwest Indiana, /r/NorthwestIndiana
Northwest Indiana (219, /r/219
Newburgh, /r/newburghin
Owen County, /r/owencounty
Paoli, /r/paoli
Richmond, /r/richmondindiana
Ridgeport, /r/RidgeportIndiana
Salem, /r/SalemIN
South Bend, /r/southbend
Terre Haute, /r/terrehaute
Valparaiso, /r/valparaiso
Vevay, /r/Vevay
Westfield, /r/WestfieldIndy
Winona Lake, /r/WinonaLake
Zionsville, /r/Zionsville
*Back to top, /r/LocationReddits/wiki/faq/northamerica*
Iowa, /r/iowa
Ames, /r/ames
Ankeny, /r/ankeny
Burlington, /r/Burlingtoniowa
Camanche, /r/camanche
Cedar Falls, /r/cedarfalls
Cedar Rapids, /r/cedarrapids
Clinton, /r/clintoniowa
Colfax, /r/ColfaxIowa
Coralville, /r/coralville
Council Bluffs, /r/councilbluffs
Decorah, /r/decorah
Des Moines, /r/desmoines
Dubuque, /r/dubuque
Fairfield, /r/fairfieldiowa
Fort Dodge, /r/fortdodge
Glenwood, /r/GlenwoodIowa
Iowa City, /r/iowacity
Lu Verne, /r/LuVerne
Maquoketa, /r/maquoketa
Marion, /r/marioniowa
Marshalltown, /r/Marshalltown
Mason City, /r/masoncity
North Iowa, /r/north_iowa_reddit
North Liberty, /r/NorthLiberty
Northwest Iowa, /r/RuralNWIowa
Okoboji, /r/okoboji
Orange City, /r/OrangeCity
Pleasantville, /r/PleasantvilleIA
Quad Cities Area, /r/quadcities
Sioux City, /r/siouxcity
Southwest Iowa, /r/swi
Spencer, /r/spenceriowa
Waterloo, /r/waterlooiowa
West Des Moines, /r/westdesmoines
Kansas, /r/kansas
Atchison, /r/atchison
Baldwin City, /r/BaldwinCity
Baxter Springs, /r/baxtersprings
College Hill, /r/CollegeHill
Derby, /r/DerbyKansas
De Soto, /r/DeSotoKS
Emporia, /r/Emporia
Garden City (GCKS, /r/gcks
Garden City KS, /r/gardencityks
Garden City Kansas, /r/GardenCityKansas
Hutchinson, /r/hutchinson
Johnson County, /r/JohnsonCounty
Kansas City, /r/kansascity
Leavenworth, /r/Leavenworth
Lawrence, /r/lawrence
Lenexa, /r/Lenexa
Louisburg, /r/LouisburgKS
Manhattan, /r/littleapple
Manhattan KS, /r/manhattanks
Mound City, /r/moundcity
Newton, /r/newtonkansas
Olathe, /r/olathe
Overland Park, /r/overlandpark
Prairie Village, /r/prairievillage
Prairie Village KS, /r/pvkansas
Republic County, /r/republiccountykansas
Shawnee, /r/shawnee
Topeka, /r/topeka
Wichita, /r/wichita
Kentucky, /r/kentucky
Ashland, /r/ashlandkentucky
Ashland KY, /r/ashlandky
Bardstown, /r/Bardstown
Bellevue, /r/BellevueKY
Bowling Green, /r/bowlinggreen
Boyle County, /r/boylecounty
Campbellsville, /r/campbellsville
Corbin, /r/corbinky
Covington, /r/covington
Danville, /r/DanvilleKY
Eastern Kentucky, /r/easternky
Elizabethtown, /r/etown
Florence, /r/FlorenceKY
Frankfort, /r/frankfort
Gallatin County, /r/gallatinky
Glasgow, /r/glasgowky
Graves County, /r/gravescounty
Harlan, /r/HarlanKY
Hopkinsville, /r/hopkinsville
Hopkinsville (Hoptown, /r/hoptown
Lake Cumberland, /r/lakecumberland
Lawrenceburg, /r/lawrenceburg
Lexington, /r/lexington
Lexington Hangouts, /r/lexingtonhangouts
Lexington KY, /r/LexingtonKY
Louisville, /r/louisville
Maysville, /r/maysville
Morehead, /r/morehead
Mt. Sterling, /r/mtsterling
New Port, /r/newportky
North East Kentucky, /r/NEKentucky
Northern Kentucky, /r/northernky
Northern Kentucky (NKY, /r/nky
Okolona, /r/Okolona
Olive Hill, /r/olivehill
Owensboro, /r/owensboro
Owensboro KY, /r/OwensboroKY
Paducah, /r/paducah
Pikeville, /r/pikeville
Pulaski County, /r/pulaskikentucky
Red River Gorge, /r/redrivergorge
Richmond, /r/richmondky
Shelbyville, /r/shelbyky
Slade, /r/sladeky
Somerset, /r/SomersetKY
Webster County, /r/webstercounty
West Kentucky, /r/westkentucky
Winchester, /r/winchesterky
Louisiana, /r/louisiana
Acadiana, /r/acadiana
Ascension Parish, /r/ascensionparish
Baton Rouge, /r/batonrouge
Belle Chasse, /r/bellechasse
Bogalusa, /r/bogalusa
Bossier City, /r/bossiercity
Central Louisiana, /r/centrallouisiana
Covington, /r/covingtonla
Denham Springs, /r/DenhamSprings
Eunice, /r/Eunice
Gonzales, /r/gonzales
Hammond, /r/hammond
Houma, /r/houma
Jefferson Parish, /r/jeffersonparish
Lafayette, /r/lafayetteLA
Lake Charles, /r/lakecharles
Lake Charles LA, /r/lakecharleslouisiana
Metairie, /r/metry
Morgan City, /r/morgancity
New Iberia, /r/newiberia
New Orleans, /r/neworleans
New Roads, /r/newroads
North Louisiana, /r/northlouisiana
Northeast Louisiana, /r/Nela
Northwest Louisiana, /r/nwla
Plaquemine, /r/plaquemine
Ponchatoula, /r/ponchatoula
Shreveport, /r/shreveport
St. Charles Parish, /r/stcharlesparish
St. Francisville, /r/StFrancisville
Thibodaux, /r/thibodaux
West Monroe, /r/westmonroe
Maine, /r/maine
Maine, the other, /r/theothermaine
Aroostook County, /r/Aroostook
Bangor, /r/bangorme
Brony Island, /r/bronyisland
Bryant Pond, /r/pryantpond
Ellsworth, /r/ellsworth
Freeport, /r/freeportmaine
Gorham, /r/gorham
Kennebunk, /r/kennebunk
Lewiston, /r/lewiston
Lewiston-Auburn, /r/LewistonAuburn
Orient, /r/OrientME
Portland, /r/PortlandMaine
Portland ME, /r/portlandme
Waterville, /r/Waterville
Maryland, /r/maryland
Annapolis, /r/annapolis
Anne Arundel County, /r/annearundelcountymd
Arbutus, /r/butus
Baltimore, /r/baltimore
Bel Air, /r/BelAirMD
Beltsville, /r/Beltsville
Bethesda, /r/bethesda
Bettsville, /r/bettsville
Beverly Beach, /r/BeverlyBeach
Breton bay, /r/thebbc
Brunswick, /r/BrunswickMD
Carroll County, /r/carrollcounty
Carroll County MD, /r/carrollcountymd
Cecil County, /r/Ceciltucky
Charles County, /r/charlescounty
Chesapeake Bay, /r/chesapeakebay
Chase, /r/chasemd
Cheverly, /r/Cheverly
Columbia, /r/columbiamd
Crofton, /r/crofton_md
Cumberland, /r/cumberland_maryland
Damascus, /r/damascusmd
Dundalk, /r/dundalkmd
Eastern Shore, /r/easternshoremd
Edmonston, /r/edmonston
Elkton, /r/elkton
Emmitsburg, /r/Emmitsburg
Essex, /r/EssexWhat
Frederick, /r/frederickmd
Germantown, /r/germantown
Glenelg, /r/Glenelg
Hagerstown, /r/WashingtonCoMD
Hampden, /r/hampden
Harford, /r/HarfordMD
Harford County, /r/harfordcountymd
Howard County, /r/HowardCountyMD
Joppatowne, /r/Joppatowne
Lansdowne, /r/lansdownemd
Laurel, /r/laurelmd
Lusby, /r/lusby
Middletown, /r/Middletownmd
Montgomery County, /r/Montgomerycounty
Montgomery County MD, /r/montgomerycountymd
North Bethesda, /r/NorthBethesda
North Bethesda-White Flint (NoBe, /r/NoBe
Odenton, /r/odenton
Ocean City, /r/oceancity
Parkville, /r/parkville
Pasadena, /r/pasadenamd
Perryhall, /r/perryhall
Poolesville, /r/poolesville
Prince George's County, /r/princegeorgescounty
Queen Anne's County, /r/QueenAnnesCounty
Reisterstown, /r/Reisterstown
Rockville, /r/Rockville
Rockville MD, /r/rockvillemd
Scaggsville, /r/Scaggsville
Silver Spring, /r/SilverSpring
South Maryland, /r/somd
St. Mary's County, /r/stmaryscounty
Talbot County, /r/TalbotCounty
Takoma Park, /r/takomapark
Urbana, /r/UrbanaMD
Washington County, /r/washingtoncountymd
Western Maryland, /r/westernmaryland
Westminster, /r/WestminsterMaryland
Wheaton, /r/WheatonMD
Wye Oak, /r/wyeoak
Massachusetts, /r/massachusetts
Mass, /r/mass
Adams, /r/adamsma
Acton, /r/actonma
Agawam, /r/agawam
Allston, /r/allstonrockcity
Amesbury, /r/Amesbury
Amherst, /r/amherst
Andover, /r/andover
Attleboro, /r/attleboro
Berkshire County, /r/TheBerkshires
Blackstone, /r/BlackstoneMA
Boston, /r/boston
Boston East, /r/eastie
Boston Metro, /r/MetroBoston
Brighton, /r/brightonma
Brookline, /r/brookline
Burlington, /r/burlingtonma
Camberville, /r/Camberville
Cambridge, /r/cambridgeMA
Cambridge City Hall, /r/CambridgeCityHall
Cape Cod, /r/capecod
Carver, /r/Townofcarver
Central_Massachusetts, /r/central_ma
Central Massachusetts, /r/centralma
Chelsea, /r/ChelseaMA
Chestnut Hill, /r/ChestnutHill
Chicopee, /r/chicopee
Cohasset, /r/cohasset
Concord, /r/ConcordMA
Coolidge Corner, /r/CoolidgeCorner
Dedham, /r/dedham
Dorchester, /r/Dorchester
East Arlington, /r/eastarlington
East Bridgewater, /r/eastbridgewater
East Hampton, /r/Easthampton
East Longmeadow, /r/EastLongmeadow
Fall River, /r/fallriver
Framingham, /r/framinghamma
Franklin MA, /r/FranklinMA
Franklin, /r/franklinmass
Gaithersburg, /r/gaithersburg
Georgetown, /r/georgetownMa
Gloucester, /r/gloucester
Gloucester MA, /r/GloucesterMA
Great Barrington, /r/GreatBarrington
Greenfield, /r/Greenfield
Groton, /r/GrotonMA
Groveland, /r/groveland
Holyoke, /r/holyoke
Hopkunton, /r/Hopkunton
Hudson, /r/HudsonMA
Hyde Park, /r/HydeParkMA
Jamaica Plain, /r/JamaicaPlain
Kendall Square, /r/KendallSquare
Lowell MA, /r/LowellMA
Lowell Mass, /r/lowellmass
Lowell Massachusetts, /r/lowellmassachusetts
Ludlow, /r/Ludlow
Ludlow MA, /r/LudlowMA
Lynn, /r/LynnMA
Malden, /r/malden
Mansfield, /r/mansfieldma
Marblehead, /r/Marblehead
Marlborough, /r/marlborough
Marshfield, /r/RealMarshVegas
Medfield, /r/Medfield
Medford MA, /r/medfordma
Medford, /r/MedfordMass
Methuen, /r/Methuen
Metro West, /r/metrowest
Millbury, /r/millbury
Millis, /r/Millis
Milton, /r/MiltonMA
Nantucket, /r/Nantucket
Natick, /r/Natick
New Bedford, /r/newbedford
Newbury Port, /r/newburyport
Newton, /r/newtonma
North Adams, /r/NorthAdams
North Brookfield (01535, /r/01535
Northampton, /r/northampton
Northampton MA, /r/NorthamptonMA
North Shore, /r/northshore
Norwood, /r/norwood
Peabody (01960, /r/01960
Peabody, /r/peabodyma
Pioneer Valley, /r/pioneervalley
Pioneer Valley (Happy Valley, /r/happyvalley
Pittsfield, /r/PittsfieldMass
Plymouth, /r/plymouthma
Quincy, /r/quinceyma
Reading, /r/ReadingMA
Rehoboth, /r/rehobothma
Roxbury, /r/roxbury
Salem, /r/SalemMA
Saugus, /r/Saugus
Sharon, /r/SharonMA
Sheffield, /r/SheffieldMa
Sherborn, /r/sherborn
Shrewsbury, /r/shrewsbury
Somerville, /r/somerville
Southbridge, /r/southbridge
South Coast, /r/southcoast
South Hadley, /r/south_hadley
South Shore, /r/southshore
Southwick, /r/southwick
Springfield, /r/springfield
Stoneham, /r/stoneham
Stoughton, /r/stoughton
Taunton, /r/taunton
Taunton, /r/tauntonma
Townsend, /r/townsend
Turners Falls, /r/TurnersFalls
Wakefield, /r/WakefieldMA
Walpole, /r/Walpole
Waltham, /r/Waltham
Watertown, /r/watertown
Wellesley, /r/wellesley
Western MA (413, /r/413
Western Mass (WMASS, /r/wmass
Western MA, /r/westernma
Western_Mass, /r/Western_Mass
Western Massachusetts, /r/westernmass
Westfield, /r/WestfieldMA
West Springfield, /r/WestSpringfield
Weston, /r/weston
Whitinsville, /r/Whitinsville
Williamstown, /r/Williamstown
Winchester, /r/WinchesterMass
Woburn, /r/woburn
Worcester, /r/worcesterma
Wrentham, /r/Wrentham
Michigan, /r/michigan
Allendale, /r/allendale
Almont, /r/almont
Alpena, /r/alpena
Ann Arbor, /r/annarbor
Battle Creek, /r/battlecreek
Battle Creek (CerealCity, /r/cerealcity
  Bay City, /r/BayCityMichigan
Benton Harbor, /r/bentonharbor
Birmingham, /r/birminghammi
Blanchard, /r/blanchard
Bloomfield Hills, /r/BloomfieldHills
Charlevoix, /r/charlevoix
Coon Rapids, /r/coonrapids
Coopersville, /r/Coopersville
Davison, /r/davison
Detroit, /r/detroit
Detroit, Metro, /r/metrodetroit
DeWitt, /r/dewitt
Downriver Area, /r/downriver
Durand, /r/durand
East Lansing, /r/eastlansing
Elk River, /r/elkriver
Farmington Hills, /r/FarmingtonHills
Ferndale, /r/Ferndale
Flint, /r/flint
Flint MI, /r/flintmi
Freeland, /r/freeland
Fruitport, /r/Fruitport
Garden City, /r/GardenCityMI
Grand Haven MI, /r/GrandHavenMI
Grand Haven, /r/GrandHaven
Grand Rapids, /r/grandrapids
Grosse Pointe, /r/grossepointe
Hamtramck, /r/hamtramck
Harbor Springs, /r/harborsprings
Haslett, /r/haslett
Hesperia, /r/HesperiaMI
Holland, /r/hollandmichigan
Holland MI, /r/hollandmi
Houghton, /r/houghton
Howard City, /r/howardcity
Hudsonville, /r/Hudsonville
Irish Hills, /r/IrishHills
Iron Mountain, /r/ironmountain
Jackson, /r/jacksonmi
Kalamazoo, /r/kzoo
Kent County, /r/kentcountymichigan
Keweenaw, /r/keweenaw
Lake Linden, /r/lakelinden
Lansing, /r/lansing
Lapeer, /r/lapeer
Leelanau, /r/leelanau
Lenawee, /r/Lenawee
Livonia, /r/livonia
Lowell, /r/lowell
Ludington, /r/Ludington
Mackinac, /r/mackinac
Mason, /r/MasonMI
Marine City, /r/marinecity
Marquette, /r/MQT
Meridian Township, /r/MeridianTwp
Mesick, /r/mesickmi
Michigan City, /r/michigancity
Midland, /r/Midland
Midland MI, /r/midland_mi
Milford, /r/milfordmi
Monroe, /r/MonroeMI
Montague, /r/Montague
Mt. Brighton, /r/mtbrighton
Mt. Pleasant, /r/mtpleasantmi
Muskegon, /r/muskegon
New Baltimore, /r/NewBaltimore
Northville, /r/Northville
Oakland County, /r/oaklandcounty
Okemos, /r/okemos
Owosso, /r/owosso
Parma, /r/ParmaMI
Petoskey, /r/petoskey
Plymouth, /r/PlymouthMI
Pontiac, /r/pontiacmi
Posen, /r/posen
Rochester Hills, /r/rochesterhills
Romeo, /r/romeomi
Royal Oak, /r/royaloak
Saginaw, /r/saginaw
Saginaw MI, /r/SaginawMichigan
Saginaw Bay, /r/SaginawBay
Shelby, /r/shelbytwp
South Bend, /r/SouthBend
Southwest Michigan, /r/southwestmichigan
SW Michigan, /r/swmich
Swartz Creek, /r/swartzcreek
St. Clair Shores, /r/stclairshores
Saint Clair Shores, /r/saintclairshores
St. Joseph, /r/St_Joseph
Traverse City, /r/traversecity
Upper Michigan, /r/uppermichigan
Upper Peninsula, /r/UPmichigan
Washtenaw, /r/washtenawannarbor
West Michigan, /r/westmi
Western Lower Michigan, /r/westernlowermichigan
Whitehall, /r/Whitehall
White Lake, /r/WhiteLake
Woodhaven, /r/Woodhaven
Woodhaven MI, /r/woodhavenmi
Wyoming, /r/wyomingmi
Yooper, /r/yooper
Ypsilanti, /r/ypsilanti
Ypsilanti (YPSI, /r/ypsi
Minnesota, /r/minnesota
Alexandria, /r/alexandriamn
Anoka, /r/anokamn
Apple Valley, /r/applevalley
Armatage, /r/armatage
Bemidji, /r/bemidji
Bloomington, /r/bloomingtonmn
Brainerd, /r/brainerd
Buffalo, /r/buffalominnesota
Burnsville, /r/burnsvillemn
Cambridge, /r/cambridgeminnesota
Carver County, /r/carvercounty
Chanhassen, /r/chanhassen
Chaska, /r/chaska
Coon Rapids, /r/coonrapids
Cottage Grove, /r/cottagegrove
Duluth, /r/duluth
Eagan, /r/eaganmn
East Bethel, /r/eastbethelmn
Eden Prairie, /r/edenprairie
Elk River, /r/elkriver
Grand Rapids, /r/grandrapidsmn
Hastings, /r/hastingsmn
Hibbing, /r/hibbing
Isanti, /r/isantimn
Kasson and Mantorville, /r/kassonmantorville
Mankato, /r/mankato
Marshall, /r/marshallmn
Minneapolis, /r/minneapolis
Minnetonka, /r/minnetonka
Morris, /r/morrismn
Mound, /r/moundmn
Mounds View, /r/moundsview
Northfield, /r/northfield
Owatonna, /r/owatonna
Plymouth, /r/plymouthmn
Red Wing, /r/redwingmn
Richfield, /r/richfield
Rochester, /r/rochestermn
Rochester MN, /r/rochesterminnesota
Rosemount, /r/rosemount
Rosemount MN, /r/rosemountmn
Saint Butt, /r/saintbutt
Saint Butt MN, /r/saintbuttminnesota
Saint Paul, /r/saintpaul
St. Paul, /r/stpaul
St. Paul Park, /r/stpaulpark
Saint Peter, /r/saintpeter
Shakopee, /r/shakopee
Staples, /r/staples_minnesota
Twin Cities, /r/twincities
Twin Cities Social, /r/twincitiessocial
Waconia, /r/waconia
Waterville, /r/waterville
Willmar, /r/willmar
Windom, /r/windommn
Winona, /r/winona
Woodbury, /r/woodburyminnesota
Mississippi, /r/mississippi
Amory, /r/amory
Biloxi, /r/biloxi
Cleveland, /r/clevelandms
Edgewood, /r/edgewoodms
Ellisville, /r/ellisville
Hattiesburg, /r/hattiesburg
Jackson, /r/jacksonms
Long Beach, /r/longbeachmississippi
Meridian, /r/meridian
Natchez, /r/natchez
Ocean Springs, /r/oceansprings
Petal, /r/ptownms
Philadelphia, /r/philadelphiams
Pontotoc, /r/pontotoc
Southaven, /r/southaven
Starkville, /r/Starkville
Tunica, /r/tunica
Tupelo, /r/tupelo
Tupelo MS, /r/TupeloMS
*Back to top, /r/LocationReddits/wiki/faq/northamerica*
Missouri, /r/missouri
Alton, /r/alton
Bolivar, /r/bolivarmo
Branson, /r/bransonmo
Bunker, /r/BunkerMissouri
Chillicothe, /r/ChillicotheMissouri
Columbia, /r/columbiamo
Columbia (Co_Mo, /r/co_mo
Columbia MO, /r/columbiamissouri
Dexter, /r/dextermo
Fulton, /r/FultonMo
Jackson, /r/jackson_missouri
Jackson MO, /r/jacksonmo
Joplin, /r/joplin
Joplin MO, /r/joplinmo
Kansas City, /r/kansascity
Kirksville, /r/kirksville
Liberty, /r/libertymo
Maryville, /r/Maryville
Middle Missouri, /r/MidMo
Missouri City, /r/MissouriCity
Montgomery County, /r/montgomerycountymo
New Madrid County, /r/newmadridcounty
Northwest Missouri, /r/nwmissouri
Oakville, /r/OakvilleSTL
Ozark, /r/ozarkmo
Ozarks, /r/ozarks
Ozarks Lakes, /r/lakeoftheozarks
Pleasant Hill, /r/PleasantHillMo
Rayville, /r/Rayville
Rolla, /r/rolla
Sedalia, /r/sedalia
Springfield, /r/springfieldmo
St. Charles, /r/stcharlesmo
St. Clair, /r/stclairmo
St. Joseph, /r/stjoemo
St. Louis, /r/stlouis
St. Louis County, /r/stlouiscounty
St. Louis MO, /r/StLouisMO
Union, /r/unionmo
Washington, /r/washmo
Warrensburg, /r/warrensburg
West Plains, /r/westplains
Wildwood, /r/wildwoodmo
Willard, /r/willardmo
Montana, /r/montana
Big Sky, /r/bigsky
Billings, /r/billings
Bitterroot Valley, /r/bitterroot
Bozeman, /r/bozeman
Butte, /r/butte
Darby, /r/darbymt
Glacier National Park, /r/glacier
Glacier Park, /r/GlacierPark
Great Falls, /r/greatfalls
Havre, /r/havre
Helena, /r/helena
Kalispell, /r/kalispell
Missoula, /r/missoula
Rural Montana, /r/ruralmt
Whitefish, /r/whitefish
Nebraska, /r/nebraska
Aurora, /r/aurorane
Blair, /r/blair
Douglas County, /r/douglascounty
Fremont, /r/fremontne
Hastings, /r/hastingsne
Hastings NE, /r/hastingsnebraska
Kearney, /r/kearney
Kenesaw, /r/KenesawNebraska
Lincoln, /r/lincoln
Omaha, /r/omaha
Scottsbluff, /r/Scottsbluffnebraska
Stromsburg, /r/Stromsburg
Western Nebraska, /r/WesternNebraska
Nevada, /r/nevada
Boulder City, /r/bouldercity
Carson City, /r/carsoncity
Crystal Bay, /r/crystalbay
Elko, /r/elko
Ely, /r/elyNV
Henderson, /r/CityOfHenderson
Incline Village, /r/inclinevillage
Las Vegas, /r/lasvegas
Las Vegas NV, /r/LasVegasNevada
(Las Vegas, /r/vegas
Mesquite, /r/Mesquite
Nevada City, /r/nevadacity
Perfection Valley, /r/PerfectionValley
Reno, /r/reno
Reno NV, /r/RenoNV
Tahoe, /r/tahoe
Zephyr Cove, /r/zephyrcove
New Hampshire, /r/newhampshire
Concord, /r/concordnh
Conway, /r/conwaynh
Durham, /r/durhamnh
Etna, /r/etna
Keene, /r/keene
Lake Winnipesaukee, /r/winnipesaukee
Manchester, /r/manchesternh
Milford, /r/milfordnh
Nashua, /r/nashua
Peterborough, /r/PeterboroughNH
Pittsfield, /r/Pittsfieldnh
Portsmouth, /r/portsmouthnh
Rochester, /r/rochesternh
Salem, /r/salemnh
Seacoast, /r/seacoastnh
Tuckerman Ravine, /r/tuckermanravine
Waterville Valley, /r/watervillevalleynh
New Jersey, /r/newjersey
Jersey, /r/jersey
Acquackanonk, /r/acquackanonk
Asbury Park, /r/asburypark
Alantic City, /r/atlanticcity
Avalon, /r/whitebrier
Bayonne, /r/BayonneNJ
Belmar, /r/Belmar
Bergen City, /r/bergencity
Bernardsville, /r/bernardsville
Blairstown, /r/Blairstown
Blairstowne, /r/blairstowne
Boonton, /r/boonton
Bordentown, /r/BordentownNJ
Bridgeton, /r/Bridgeton
Caldwell, /r/caldwell
Camden County, /r/CamdenCountyNJ
Cape May, /r/capemay
Carlstadt, /r/Carlstadt
Central Jersey, /r/centraljersey
Cherry Hill, /r/CherryHillNJ
Clifton, /r/clifton
Collingswood, /r/collingswood
Cranbury, /r/Cranbury
Cresskill, /r/Cresskill
East Brunswick, /r/eastbrunswick
Edison, /r/edisonnj
Elmwood Park, /r/elmwoodpark
Fair Lawn, /r/fairlawn
Flemington, /r/Flemington
Fort Lee, /r/FortLee
Gibbsboro, /r/gibbsboro
Gloucester County, /r/gloucestercounty
Hackettstown, /r/hackettstown
Haddonfield, /r/haddonfield
Haddon Township, /r/haddontownship
Hammonton, /r/hammonton
Hazlet, /r/hazlet
Hoboken, /r/hoboken
Hudson County, /r/hudsoncounty
Jersey City, /r/jerseycity
Kearny, /r/kearny
Livingston, /r/livingston
Long Beach Island, /r/longbeachisland
Marlton, /r/marlton
Mays Landing, /r/MaysLanding
Metuchen, /r/Metuchen
Middlesex, /r/MiddlesexNJ
Millville, /r/Millville
Monmouth County, /r/monmouthcounty
Montclair NJ, /r/Montclairnj
Montclair, /r/NJMontclair
Montgomery, /r/montgomerynj
Morris County, /r/morriscounty
Morristown, /r/morristownnj
Mountain Lakes, /r/mountainlakes
Newark, /r/newark
New Milford, /r/newmilfordnj
New Providence, /r/NewProvidence
North Jersey, /r/northjersey
Northern New Jersey, /r/northernnewjersey
Ocean City, /r/OceanCityNewJersey
Ocean City NJ, /r/oceancitynj
Ocean County, /r/oceancounty
Ocean Grove, /r/oceangrove
Pennington, /r/pennington
Pittsgrove, /r/pittsgrove
Rahway, /r/rahway
Ramsey, /r/ramseynj
Red Bank, /r/redbank
Ringwood, /r/Ringwood
Rutherford, /r/Rutherfordnj
Sayreville, /r/sayreville
Sea Isle City, /r/SeaIsleCity
Somerset, /r/SomersetNJ
Somerset County, /r/somersetnj
South Jersey, /r/southjersey
Southeastern & Central (609, /r/609
Springfield, /r/springfieldnj
Sussex County, /r/sussexcounty
Tenafly, /r/tenafly
Trenton, /r/trentonnj
Union County, /r/unionco
Verona, /r/VeronaNJ
Vineland, /r/Vineland
Washington Township, /r/washingtontwp
West Orange, /r/westorange
New Mexico, /r/newmexico
Albuquerque, /r/albuquerque
Artesia, /r/artesianm
Bloomfield, /r/BloomfieldNM
Carlsbad, /r/carlsbadnm
Clovis, /r/ClovisNewMexico
Gallup, /r/gallup
Gallup NM, /r/gallupnm
Las Cruces, /r/lascruces
Los Alamos, /r/losalamos
Lovington, /r/lovington
Quay County, /r/QuayCounty
Roswell, /r/RoswellNM
Southern New Mexico, /r/newmex
Santa Fe, /r/santafe
Silver City, /r/silvercity
Taos, /r/taos
Tucumcari, /r/Tucumcari
New York, /r/newyork
Empire State, /r/empirestate
Adirondack Park, /r/adirondacks
Agloe, /r/agloe
Albany, /r/albany
Albany NY, /r/albany_newyork
Allegany State Park, /r/Allegany
Amsterdam, /r/amsterdamny
Astoria, /r/astoria
Auburn, /r/AuburnNY
Bay Ridge, /r/bayridge
Beacon, /r/beacon
Beacon NY, /r/beaconny
Binghamton, /r/binghamton
Binghamton NY, /r/binghamtonny
Brewster, /r/brewster
Brockville, /r/Brockville
Bronx, /r/bronx
Bronxville, /r/bronxville
Brooklyn, /r/brooklyn
Buffalo, /r/buffalo
Bushwick, /r/bushwick
Central New York, /r/cny
Central Park, /r/CentralPark
Chappaqua, /r/chappaquany
Cherry Valley, /r/cherryvalley
Cobleskill, /r/cobleskill
Clarkstown, /r/clarkstown
Coney Island, /r/coneyisland
Cooperstown, /r/cooperstownny
Corning, /r/corning
Cortland, /r/cortlandny
Crown Heights, /r/crownheights
East Aurora, /r/eastaurora
East Meadow, /r/eastmeadow
East Village, /r/eastvillage
Elma, /r/elma
Elmira, /r/elmiraNY
Endicott, /r/endicott
Flushing, /r/FlushingQueens/
Forest Hills, /r/ForestHills
Fort Greene, /r/fortgreene
Franklin Square, /r/FranklinSquare
Genesee County, /r/Genesee
Geneva, /r/GenevaNY
Glens Falls, /r/glensfalls
Glens Falls NY, /r/GlensFallsNY
Greater Binghamton, /r/greaterbinghamton
Great Neck, /r/greatneck
Greenwich Village, /r/greenwichvillage
Harlem, /r/harlemusa
Hornell, /r/Hornell
Hudson, /r/HudsonNY
Hudson Valley, /r/hudsonvalley
Huntington, /r/hton
Huntington NY, /r/HuntingtonNY
Ithaca, /r/ithaca
Jackson Heights, /r/jacksonheights
Jamestown, /r/jamestownny
Larchmont, /r/larchmont
Liverpool, /r/liverpool_ny
Long Beach, /r/lbny
Long Beach NY, /r/longbeachny
Long Island, /r/longisland
Lower East Side, /r/lowereastside
Mahopac, /r/mahopac
Malta, /r/maltany
Manhattan, /r/manhattan
Massena, /r/Massena
Mechanicville, /r/mechanicville
Millbrook, /r/millbrook
Narrowsburg, /r/Narrowsburg
Nassau County, /r/nassaucounty
New Hyde Park, /r/newhydepark
New York City, /r/nyc
New York City, locals, /r/localnyc
New York City, Uptown, /r/uptownnyc
Newburgh, /r/newburgh
Newburgh NY, /r/cityofnewburghny
Niskayuna, /r/niskayuna
North Port, /r/northportny
Pelham, /r/pelham
Ogdensburg, /r/Ogdensburg
Olean, /r/olean
Orange County NY, /r/orangecountyny
Orange County, /r/ocny
Ossining, /r/ossining
Owego, /r/owego
Park Slope, /r/parkslope
Pelham, /r/Pelham
Philmont, /r/PhilmontNY
Phoenix, /r/phoenixny
Plattsburgh (12901, /r/12901
Port Washington, /r/PortWashington
Queens, /r/queens
Queensbury, /r/Queensbury
Rhinebeck, /r/rhinebeck
Ridgewood, /r/ridgewood
Rochester, /r/rochester
Rockland County, /r/rockland
Roosevelt Island, /r/rooseveltisland
Rye, /r/ryeny
Salamanca, /r/Salamanca
Sarasota Springs, /r/saratogasprings
Scarsdale, /r/scarsdale
Schenectady, /r/schenectady
Schoharie County, /r/schoharie
Scottsville, /r/scottsville
South Wedge, /r/SouthWedge
Stanfordville, /r/stanfordville
Staten Island, /r/statenisland
Syracuse, /r/syracuse
The Hamptons, /r/thehamptons
Troy, /r/troy
Troy NY, /r/troyny
Upstate New York, /r/upstate_new_york
Utica, /r/utica
Van Cortlandt Park, /r/vancortlandtpark
Vestal, /r/vestal
Wantagh, /r/wantagh
Warwick, /r/Warwick_NY
Watertown, /r/watertownny
Western New York, /r/wny
Webster, /r/websterny
Wellsville, /r/wellsvilleny
Westchester County, /r/westchester
West Islip, /r/westislip
West New York, /r/westnewyork
White Plains, /r/WhitePlainsNY
Williamsburg, /r/williamsburg
Williamson, /r/williamson
Yonkers, /r/yonkers
North Carolina, /r/northcarolina
Asheboro, /r/asheboro
Asheville, /r/asheville
Boone, /r/boone
Brevard, /r/brevard
Bryson City, /r/brysoncity
Buncombe County, /r/buncombe
Burlington, /r/BurlingtonNC
Cabarrus County, /r/cabarruscounty
Cary, /r/cary
Chapel Hill, /r/chapelhill
Charlotte, /r/charlotte
Cherokee, /r/cherokeenc
Concord, /r/concordnc
Cornelius, /r/cornelius
Creedmoor, /r/creedmoor
Denton, /r/DentonNC
Durham, /r/bullcity
Edenton, /r/edenton
Elizabeth City, /r/elizabethcity
Fayetteville, /r/fayettenam
Forest City, /r/forestcity
Fuquay Varina, /r/Fuquayvarina
Gastonia, /r/gastonia
Goldsboro, /r/goldsboronc
Greensboro, /r/gso
Greenville, /r/gvegas
Hampstead, /r/hampstead
Harrisburg, /r/HarrisburgNC
Hendersonville, /r/hendersonville
High Point, /r/highpointnc
Hillsborough, /r/Hillsborough
Holly Springs, /r/HollySpringsNC
Hope Mills, /r/hopemills
Huntersville, /r/huntersville
Indian Trail, /r/IndianTrailNC
Jacksonville, /r/jacksonvillenc
Lake Gaston, /r/lakegaston
Lake Norman Area, /r/lkn
Leland, /r/leland
Lenoir, /r/Lenoir
Lexington, /r/lexingtonnc
Mocksville, /r/Mocksville
Monroe, /r/monroe
Morrisville, /r/morrisville
Mount Airy, /r/mountairy
Newaygo County, /r/NewaygoCounty
Oracoke Island, /r/oracoke
Outer Banks, /r/obx
Pinehurst, /r/pinehurst
Raleigh, /r/raleigh
Rockingham, /r/rockinghamnc
Rockingham County, /r/rockinghamcountync
Rocky Mount, /r/rockymountnc
Rutherfordton, /r/rutherfordton
Sanford, /r/SanfordNC
Shallotte, /r/shallotte
Shelby, /r/shelbyNC
Sneads Ferry, /r/sneadsferry
Spruce Pine, /r/sprucepine
Surf City, /r/surfcity
Thomasville, /r/thomasville
Topsail Island, /r/topsail
Triangle, /r/Triangle
Waxhaw, /r/waxhaw
Waynesville, /r/Waynesville
Western North Carolina, /r/wnc
Wilmington, /r/wilmington
Wilson, /r/WilsonNC
Winston-Salem, /r/winstonsalem
Zebulon, /r/zebulon
North Dakota, /r/northdakota
Bathgate, /r/Bathgate
Bismarck, /r/bismarck
Beulah, /r/beulah
Fargo, /r/fargo
Grand Forks, /r/grandforks
Hettinger, /r/hettinger
Jamestown, /r/jamestownnd
Mandan, /r/mandan
Minot, /r/minot
Thompson, /r/Thompson_northdakota
Williston, /r/williston
*Back to top, /r/LocationReddits/wiki/faq/northamerica*
Ohio, /r/ohio
Akron, /r/akron
Ashland, /r/ashlandohio
Athens, /r/athensohio
Beaver Creek, /r/beavercreekoh
Bellbrook, /r/bellbrook
Bowling Green, /r/bgohio
Cambridge, /r/Cambridge_Ohio
Canfield, /r/canfield
Canton, /r/canton
Carlisle, /r/carlisleohio
Carrollton, /r/carrolltonohio
Centerburg, /r/centerburg
Chagrin Falls, /r/chagrinfalls
Chardon, /r/chardon
Chesapeake & Ohio Canal, /r/towpath
Chillicothe, /r/chillicothe
Cincinnati, /r/cincinnati
Cleveland, /r/cleveland
Clinton County, /r/clintoncounty
Columbus, /r/columbus
Cuyahoga, /r/Cuyahoga
Cuyahoga Falls, /r/cuyahogafalls
Dayton, /r/dayton
Delaware, /r/delawareoh
Dublin, /r/dublinohio
East Canton, /r/eastcanton
Eaton, /r/eaton
Elyria, /r/Elyria
Fairborn, /r/fairborn
Findlay, /r/Findlay
Fort Clinton, /r/fortclinton
Gahanna, /r/gahanna
Geauga County, /r/geauga
Grandview Heights, /r/Grandviewheightsohio
Granville, /r/gville
Granville OH, /r/Granvilleohio
Greentown, /r/Greentown
Hamilton, /r/hamilton_ohio
Hilliard, /r/hilliard
Howland, /r/howland
Hudson, /r/hudsonoh
Kent, /r/kent
Lakewood, /r/lakewood
Lancaster, /r/lancastero
Lewis Center, /r/lewiscenter
Lima, /r/lima
London, /r/LondonOhio
Lorain, /r/Lorain
Louisville, /r/louisvilleohio
Mahoning Valley, /r/mahoningvalley
Mansfield, /r/mansfield
Marietta, /r/MariettaOH
Massillon, /r/massillon
Massillon (44646, /r/44646
Maumee, /r/maumee
Medina, /r/MedinaOhio
Mentor, /r/CityofMentor
Mercer County, /r/mercercountyohio
Middletown, /r/MiddletownOhio
Monroe County, /r/Monroe_County
Morgan County, /r/morgancounty
Mt. Vernon, /r/mountvernon
Newark (Nerk, /r/nerk
Newark, /r/newarkohio
Northeast Ohio, /r/neohio
North Olmsted, /r/NorthOlmsted
North Ridgeville, /r/NorthRidgeville
Ottowa County, /r/ottowacooh
Pataskala, /r/pataskala
Pickerington, /r/Pickerington
Portage Lakes, /r/portagelakes
Ravenna, /r/ravenna
Reynoldsburg, /r/reynoldsburg
Sandusky, /r/Sandusky
Sheffield Lake, /r/sheffieldlake
Shelby, /r/shelbyohio
Solon, /r/solonoh
Southern Ohio, /r/southernohio
Springfield, /r/springfieldoh
Stark County, /r/starkcounty
Stark County OH, /r/starkcountyOhio
Steubenville, /r/Steubenville
Stow, /r/stow
Sylvania, /r/Sylvania
Tallmadge, /r/tallmadge
Toledo, /r/toledo
Tuscarawas County, /r/tcounty
Union County, /r/unioncounty
Van Wert, /r/vanwert
Wadsworth, /r/wadsworthoh
Wauseon, /r/WauseonOhio
West Central Ohio, /r/westcentralohio
Westerville, /r/westerville
Wilmington, /r/WilmingtonOH
Yellow Springs, /r/YellowSprings
Youngstown, /r/Youngstown
Zanesville, /r/zanesville
Oklahoma, /r/oklahoma
Ardmore, /r/ardmore
Bartlesville, /r/bville
Beggs, /r/beggs
Choctaw, /r/choctawOK
Claremore, /r/Claremore
Duncan, /r/DuncanOk
Edmond, /r/Edmond
Edmond OK, /r/EdmondOK
Glenpool, /r/glenpool
Hominy, /r/hominy
Lawton, /r/lawtonok
Moore, /r/MooreOK
Mustang OK, /r/mustangok
Mustang, /r/MustangOklahoma
Muskogee, /r/muskogee
Norman, /r/normanok
Northwest Oklahoma, /r/NWOK
Oklahoma City (OKC, /r/okc
Oklahoma City, /r/oklahomacity
Owasso, /r/owasso
Tahlequah, /r/tahlequah
Tulsa, /r/tulsa
Oregon, /r/oregon
Orygun, /r/orygun
Ashland, /r/ashland
Astoria, /r/Astoria_Oregon
Beaverton, /r/beaverton
Bend, /r/bend
Bend OR, /r/bendoregon
Brookings, /r/Brookings
Canby, /r/canbyoregon
Cannon Beach, /r/cannonbeach
Central Oregon, /r/centraloregon
Clackamas County, /r/clackamas
Collins Beach, /r/CollinsBeach
Corvallis, /r/corvallis
Creswell, /r/CreswellOR
Eastern Oregon, /r/EasternOregon
Estacada, /r/estacada
Eugene, /r/eugene
Grants Pass, /r/grantspass
Gresham, /r/gresham
Hillsboro, /r/hillsboro
Keizer, /r/keizer
Klamath Falls, /r/klamathfalls
Lane County, /r/lanecountyoregon
Lake Oswego, /r/lakeoswego
Medford, /r/medford
McMinnville, /r/mcminnville
Mt. Bachelor, /r/MtBachelor
Newport, /r/NewportOR
Oregon City, /r/oregoncity
Oregon Coast, /r/oregoncoast
Portland, /r/portland
Portland OR, /r/portlandoregon
Redmond, /r/RedmondOR
Rogue Valley, /r/roguevalley
Roseburg, /r/roseburg
Salem, /r/salem
Sherwood, /r/sherwoodoregon
Silverton, /r/silverton
Southern Oregon, /r/SouthernOregon
Springfield, /r/SpringfieldOR
The Dalles, /r/thedalles
Troutdale, /r/troutdale_oregon
Tualatin, /r/tualatin
West Linn, /r/WestLinnOR
Pennsylvania, /r/pennsylvania
Allentown, /r/KingAllentown
Allwood Manor, /r/AllwoodManor
Altoona, /r/altoona
Aston, /r/aston
Beaver, /r/BeaverPA
Beaver County, /r/BeaverCounty
Berks County, /r/berksco
Bethel Park, /r/bethelpark
Bethlehem, /r/bethlehem
Bloomsburg, /r/Bloomsburg
Blue Mountain, /r/Bluemtn
Bucks County, /r/buckscountypa
Butler, /r/ButlerPA
Carlisle, /r/carlisle
Central Pennsylvania, /r/centralpa
Chester County, /r/chestercounty
Cheswick, /r/cheswick
Conshohocken, /r/conshohocken
Coudersport, /r/coudersport
Delaware County, /r/delco
Delaware County PA, /r/delawarecounty
Dillsburg, /r/dillsburg
Downingtown, /r/downingtown
DuBois, /r/DuBoisPA
Eastern Pennsylvania, /r/easternpa
Easton, /r/Easton
Edinboro, /r/Edinboro
Elk Mountain, /r/ElkMountain
Enola, /r/enola
Erie, /r/erie
Fawn Grove, /r/fawngrove
Gettysburg, /r/Gettysburg
Greensburg, /r/greensburg
Hagerstown, /r/hagerstown
Hanover, /r/hanoverpa
Harrisburg, /r/harrisburg
Harrisburg PA, /r/harrisburgpa
Hazleton, /r/hazleton
Hermitage, /r/Hermitage
Hershey, /r/Hershey
Highspire, /r/highspire
Honesdale, /r/honesdale
Horsham, /r/Horsham
Indiana County, /r/IndianaPA
Johnstown, /r/johnstown
King of Prussia, /r/kingofprussia
Lancaster, /r/lancaster
Lancaster PA, /r/LancasterPA
Lansdale, /r/Lansdale
Lansdown, /r/lansdown
Lehigh Valley, /r/lehighvalley
Lehigh Valley PA, /r/lehighvalleypa
Levittown, /r/levittown
Lititz, /r/lititz
Macungie, /r/macungie
Manayunk, /r/manayunk
Meadville, /r/meadville
Mechanicsburg, /r/Mechanicsburg
Mercer County, /r/mercercounty
Montgomery County, /r/montco
Montgomeryville, /r/montgomeryville
Mt. Lebanon, /r/lebo
Mt. Lebo(non, /r/MtLebo
Murrysville, /r/murrysville
NewHope, /r/NewHopePA
Northeast Pennsylvania (NEPA, /r/nepa
Northeastern Pennsylvania, /r/northeasternpa
Northeast Philly, /r/nephilly
Northwest Pennsylvania(NWPA, /r/nwpa
Pittsburgh, /r/pittsburgh
Philadelphia, /r/philadelphia
Phoenixville, /r/phoenixville
Pike County, /r/PikeCountyPA
Poconos Region, /r/poconos
Pottsville, /r/pottsville
Reading, /r/ReadingPA
Rhawnhurst, /r/rhawnhurst
Shaler, /r/shaler
Sharpsville, /r/sharpsville
Shippensburg, /r/shippensburg
Springfield Delco, /r/Springfielddelco
Stroudsburg, /r/stroudsburg
 Trevose, /r/trevose
Towanda, /r/towanda
Upper St. Clair, /r/upperstclair
Venango County, /r/VenangoCountyPA
Washington, /r/WashingtonPA
West Chester, /r/westchesterpa
West Mifflin, /r/westmifflin
Wexford, /r/wexford
Williamsport, /r/williamsport
Wynnewood, /r/wynnewood
Yardley, /r/Yardley
York, /r/yorkpa
York County, /r/YorkCountyPA
Rhode Island, /r/rhodeisland
East Greenwich, /r/Eastgreenwich
Kent County, /r/kentcountyri
Misquamicut, /r/misquamicut
Narragansett, /r/narragansett
Newport, /r/newport
Pawtucket, /r/pawtucket
Providence, /r/providence
South County, /r/southcounty
South Carolina, /r/southcarolina
Abbeville, /r/AbbevilleSC
Anderson, /r/AndersonSC
Anderson County, /r/andersoncounty
Beaufort, /r/beaufort
Calhoun Falls, /r/CalhounFalls
Charleston, /r/charleston
Clemson, /r/clemson
Columbia, /r/columbiasc
Daniel Island, /r/danielisland
Easley, /r/easley
Edgefield, /r/EdgefieldSC
Florence, /r/florence
Fort Mill, /r/fortmillsc
Georgetown, /r/gtownsc
Greenville, /r/greenville
Greenwood, /r/greenwoodsc
Greer, /r/Greer
Hilton Head, /r/hiltonhead
Kiawah Island, /r/kiawahisland
Myrtle Beach, /r/myrtlebeach
Newberry, /r/newberry
Ninety Six, /r/ninetysixsc
Oconee County, /r/oconeesc
Pawleys Island, /r/pawleysisland
Rockhill, /r/Rockhill
Spartanburg, /r/spartanburg
Spartanburg SC, /r/spartanburgsc
Summerville, /r/summervillesc
Upstate South Carolina, /r/upstatesc
Ware Shoals, /r/wareshoals
South Dakota, /r/southdakota
Black Hills, /r/blackhills
Black Hills, the, /r/TheBlackHills
Madison, /r/madisonsd
Mount Rushmore, /r/mtrushmore
Pierre, /r/pierre
Rapid City, /r/rapidcity
Sioux Falls, /r/siouxfalls
Tennessee, /r/tennessee
Totally Tennessee, /r/totallytennessee
Athens TN, /r/athenstn
Athens, /r/athensunofficial
Bartlett, /r/bartlett
Baylor, /r/baylortn
Chattanooga, /r/chattanooga
Clarksville, /r/clarksville
Cleveland, /r/clevelandtn
Collierville, /r/Collierville
Cookeville, /r/cookeville
Crossville, /r/crossville
Crossville TN, /r/crossvilleTN
Dandridge, /r/DandridgeTN
Fayetteville, /r/fayettevilleTN
Franklin, /r/franklintn
Gatlinburg, /r/gatlinburgtn
Germantown, /r/germantown
Great Smoky Mountain National Park, /r/GSMNP
Hickman County, /r/hickmancountytn
Kingston Springs, /r/kingstonsprings
Knoxville, /r/knoxville
Lenoir City, /r/lenoircity
Livingston, /r/livingston_tn
Manchester, /r/ManchesterTN
Maryville, /r/MaryvilleTN
Mcminnville, /r/McminnvilleTN
Memphis, /r/memphis
Middle Tennessee, /r/middletn
Morristown, /r/morristowntn
Murfreesboro, /r/murfreesboro
Nashville, /r/nashville
Nashville TN, /r/nashvilletennessee
Powell, /r/powelltn
Rockwood, /r/RockwoodTN
Savannah, /r/SavannahTN
Spring Hill, /r/springhill
Tri-Cities, /r/tricities
West Tennessee, /r/westtn
White House, /r/whitehousetn
Williamson County, /r/WilliamsonCountyTN
Texas, /r/texas
Abilene, /r/abilenetexas
Abilene (dyess, /r/dyess
Allen, /r/Allen
Allen TX, /r/Allentx
Amarillo, /r/amarillo
Aransas Pass, /r/aransaspass
Arlington, /r/arlington
Arlington TX, /r/arlingtontx
Atascocita, /r/atascocitatx
Austin, /r/Austin
Austin TX, /r/austintexas
Austin (real, /r/realaustin
Austin-San Antonio, /r/austinsanantonio
Bastrop, /r/bastroptx
Bay City, /r/baycitytx
Baytown, /r/baytown
Beaumont, /r/Beaumont
Bedford, /r/bedford
Bell County, /r/BellCountyTX
Belton, /r/belton
Benbrook, /r/benbrook
Big Bend National Park, /r/BigBendTX
Boerne, /r/boerne
Boyd, /r/boyd
Brazoria County, /r/brazoriacounty
Brownwood, /r/Brownwood_Texas
Bryan College Station, /r/bcstx
Burleson, /r/burleson
Carrollton, /r/CarrolltonTX
Castroville, /r/castroville
Cedar Creek, /r/cedarcreek
Cedar Park, /r/CedarPark
Central Texas (Heartland, /r/heartland
Clearlake, /r/clearlake
College Station, /r/collegestation
Collin County, /r/CollinCounty
Commerce, /r/commercetx
Conroe, /r/Conroe
Copperas Cove, /r/copperascove
Corpus (Christi, /r/corpus
Corpus Christi, /r/corpuschristi
Corsicana, /r/corsicanatx
Cypress, /r/cypresstx
Dallas, /r/dallas
Dallas Fort Worth, /r/dfw
Deer Park, /r/deerpark
Denton, /r/denton
East Texas, /r/easttexas
East_Texas, /r/east_texas
East TX, /r/easttx
Edinburg, /r/edinburg
El Paso, /r/elpaso
Elgin, /r/ElginTx
Euless, /r/euless
Flower Mound, /r/flowermound
Forney, /r/forney
Fort Bend, /r/fortbend
Fort Worth, /r/fortworth
Friendswood, /r/friendswood
Frisco, /r/frisco
Fulshear, /r/fulshear
Galveston, /r/galveston
Garland, /r/GarlandTX
Georgetown, /r/georgetowntx
Granbury, /r/granbury
Harlingen, /r/Harlingen
Heartland, /r/heartland
Heidenheimer, /r/heidenheimer
Highland Village, /r/HighlandVillage
Houston, /r/houston
Hunt County, /r/huntcounty
Huntsville, /r/huntsvilletx
Hurst, /r/hurst
Irving, /r/irvingtexas
Jersey Village, /r/jerseyvillage
Jollyville, /r/jollyville
Karnes City, /r/karnescity
Katy, /r/katytx
Katy TX, /r/katy_texas
Keller, /r/keller
Kennedale, /r/Kennedale
Kingsville, /r/Kingsville
Kingwood, /r/kingwood
Lake Travis, /r/laketravis
Laredo, /r/laredo
Laredo, city of, /r/cityoflaredo
Las Cruces, /r/lascruces
Leander, /r/leander
Leander-Cedar Park, /r/leandercedarpark
Lewisville, /r/lewisville
Lockhart, /r/lockhart
Longview, /r/longviewtexas
Lubbock, /r/lubbock
Lubbock TX, /r/lubbocktx
Marble Falls, /r/marblefalls
McKinney, /r/mckinney
Mesquite, /r/MesquiteTX
Midland Odessa, /r/midessa
Mineral Wells, /r/mineralwells
Nacogdoches, /r/Nacogdoches
Navasota, /r/Navasota
North Texas, /r/northtexas
Oak Cliff, /r/oakcliff
OdessaTX, /r/OdessaTX
Palestine, /r/PalestineTX
Paris, /r/paristexas
Paris TX, /r/paristx
Pearland, /r/Pearland
Pflugerville, /r/pflugerville
Plano, /r/plano
Plano TX, /r/planotx
Prosper, /r/prosper
Richardson, /r/richardson
Rio Grande Valley, /r/riograndevalley
River Oaks, /r/riveroaks
Round Rock, /r/roundrock
Round Rock TX, /r/roundrocktexas
Rowlett, /r/Rowlett
Royse City, /r/RoyseCity
San Angelo, /r/san_angelo
San Antonio, /r/sanantonio
Sanger, /r/sanger
San Marcos, /r/sanmarcos
Schlitterbahn, /r/Schlitterbahn
Spring Branch, /r/SpringBranch
Southlake, /r/Southlake
South Texas, /r/southtexas
Southeast Texas, /r/setx
Stephenville, /r/stephenville
Texarkana, /r/texarkana
Texas Hill Country, /r/HillCountry
The Colony, /r/thecolony
The Valley (956, /r/valley956
The Woodlands, /r/thewoodlands
Tyler, /r/tylertx
Waco, /r/waco
Weatherford, /r/weatherford
West Central Texas, /r/westcentraltexas
West Texas, /r/westtexas
White Settlement, /r/whitesettlement
Wimberley, /r/wimberley
Utah, /r/utah
Cedar City, /r/CedarCity
Eagle Mountain, /r/eaglemountain
Kanab, /r/kanab
Logan, /r/Logan
Mill Creek, /r/millcreek
Moab, /r/moab
Northern Utah, /r/northernutah
Ogden, /r/ogden
Orem, /r/Orem
Park City, /r/parkcity
Provo, /r/provoutah
Salt Lake City, /r/saltlakecity
Sandy, /r/Sandycity
Southern Utah, /r/southernutah
St. George, /r/stgeorge
Tooele, /r/Tooele
Utah Valley, /r/UtahValley
Zion National Park, /r/ZionNationalPark
Zion NP, /r/ZionNP
*Back to top, /r/LocationReddits/wiki/faq/northamerica*
Vermont, /r/vermont
Barre, /r/barre
Bellows Falls, /r/bellowsfalls
Burlington, /r/burlington
Burlington VT, /r/burlingtonvt
Burlington (BTV, /r/btv
Essex, /r/essexvt
Jericho-Underhill, /r/JerichoUnderhill
Killington, /r/killington
Montpelier, /r/montpelier
Quechee, /r/quechee
Rutland, /r/rutlandvt
South Burlington, /r/southburlington
St. Albans, /r/stalbansvt
St. Johnsbury, /r/stjohnsbury
Stowe, /r/Stowe
Winooski, /r/winooski
Virginia, /r/virginia
Alexandria, /r/Alexandria_Virginia
Alleghany County, /r/AlleghanyCo
Blacksburg, /r/blacksburg
Bluemont, /r/bluemont
Buchanan, /r/buchanan
Charlottesville, /r/charlottesville
Chesapeake, /r/chesapeake
Chesapeake Bay, /r/chesapeakebay
Chesterfield County, /r/ChesterfieldVA
Coastal Virginia, /r/coastalvirginia
Dickenson County, /r/DickensonVA
Fairfax County, /r/fairfaxcounty
Hampton Roads, /r/hamptonroads
Hanover County, /r/hanoverco
Harrisonburg, /r/harrisonburg
Huntington, /r/HuntingtonVA
Fredericksburg, /r/fredericksburg
Leesburg, /r/leesburg
Lexington (Lexvegas, /r/lexvegasva
Loudon County, /r/loudoun
Luray, /r/lurayva
Lynchburg, /r/lynchburg
James River, /r/jamesriver
Manassas, /r/manassas
Mechanicsville, /r/mechanicsvilleva
Merrifield, /r/merrifield
Montclair, /r/montclairva
New Kent County, /r/newkent
New River Valley, /r/nrv
Northern Virginia (NOVA, /r/nova
Northern Virginia (BoredInNova, /r/boredinnova
Northern Virginia, /r/northernva
Norfolk, /r/norfolk
Orange County, /r/orangeva
Powhatan County, /r/powhatan
Rappahannock County, /r/rappahannock
Richmond, /r/rva
Roanoke, /r/roanoke
Salem, /r/salemva
Shenandoah Valley, /r/shenandoah
Southeast Virginia (757, /r/757
Southwest Virginia, /r/swva
Stafford, /r/Stafford
Staunton, /r/staunton
Staunton VA, /r/StauntonVA
Virginia Beach, /r/virginiabeach
Waynesboro, /r/waynesboro
Williamsburg, /r/williamsburgva
Winchester, /r/winchester
Yorktown, /r/yorktown
Washington, /r/washington
Anacortes, /r/Anacortes
Auburn, /r/auburnwa
Bainbridge Island, /r/bainbridgeisland
Bellevue, /r/bellevue
Bellevue WA, /r/bellevuewa
Bellingham, /r/bellingham
Bothell, /r/bothell/
Bremerton, /r/bremerton
Burien, /r/burien
Camas, /r/camaswashington
Capitol Hill, /r/CapitolHillSea
Castle Rock, /r/CastleRockWa
Clallam County, /r/clallam
Covington, /r/CovingtonWA
Duvall, /r/Duvall
Duvall WA, /r/Duvall_Washington
Eastside, /r/eastside
Eatonville, /r/Eatonville
Edmonds, /r/Edmonds
Everett, /r/everett
Federal Way, /r/federalway
Ferndale, /r/FerndaleWashington
Forks, /r/forkswa
Grand Coulee, /r/grandcoulee
Gray's Harbor, /r/graysharbor
Hockinson, /r/Hockinson
Issaquah, /r/Issaquah
Kent, /r/kentwashington
Kent WA, /r/kentwa
King County, /r/kingcounty
Kirkland, /r/kirkland
Kitsap, /r/kitsap
Kittitas, /r/kittitas
Lacey, /r/Lacey
Lake Stevens, /r/lakestevenswa
Langley, /r/LangleyWA
Lewis County, /r/lewiscounty
Longview, /r/longview
Longview WA, /r/longviewwa
Lynnwood, /r/lynnwood
Lynnwood WA, /r/LynnwoodWA
Marysville, /r/marysville
Mercer Island, /r/mercerisland
Mt. Baker, /r/MountBaker
Mt. Rainier, /r/rainier
Mukilteo, /r/Mukilteo
North Cascades National Park, /r/northcascades
Ocean Shores, /r/oceanshores
Olympia, /r/Olympia
Olympic Peninsula, /r/olympicpeninsula
Olympic_Peninsula, /r/olympic_peninsula
Parkland, /r/parkland
Point Roberts, /r/pointroberts
Port Angeles, /r/portangeles
Port Orchard, /r/portorchard
Port Townsend, /r/porttownsend
Poulsbo, /r/poulsbo
Puyallup, /r/PuyallupWA
Puget Sound, /r/pugetsound
Redmond, /r/redmond
Renton, /r/renton
Renton WA, /r/renton_wa
Salkum, /r/Salkum
Sammamish, /r/sammamish
Seattle Tacoma, /r/seatac
Seattle, /r/Seattle
SeattleWA, /r/SeattleWA
Shelton, /r/sheltonwa
Shoreline, /r/shoreline
Skagit County, /r/skagitcounty
Skagit Valley, /r/skagitvalley
Skagit, /r/skagit/
Snohomish, /r/snohomish
Snohomish County, /r/SnohomishCounty
Snoqualmie, /r/snoqualmie
Spokane, /r/spokane
Stanhood, /r/Stanhood
Stevens Pass, /r/stevenspass
Sumner, /r/Sumner
Tacoma, /r/tacoma
Tulalip, /r/Tulalip
Tukwila, /r/tukwila
Tumwater, /r/tumwater
Tricities, /r/tricitieswa
Vancouver, /r/vancouverwa
Vancouver WA, /r/Vancouver_wa
Vancouver, Downtown, /r/downtownvancouver
Vancouver Washington, /r/vancouverwashington
Walla Walla, /r/wallawalla
Walla Walla WA, /r/wallawallawashington
Wenatchee, /r/wenatchee
Whidbey Island, /r/whidbey
Woodinville, /r/woodinville
Yakima, /r/yakima
West Virginia, /r/westvirginia
Beckley, /r/BeckleyOnReddit
Bomont, /r/bomontwv
Charleston, /r/CharlestonWV
Coalwood, /r/coalwood
Eastern Panhandle, /r/easternpanhandle
Elkins, /r/elkinswv
Fairmont, /r/fairmont
Hampshire County, /r/hampshirecounty
Huntington, /r/HuntingtonWV
Fairmont, /r/fairmontwv
Martinsburg, /r/martinsburg
Morgantown, /r/morgantownwv
Parkersburg, /r/parkersburg
Sissonville, /r/sissonville
Snowshoe Mountain, /r/snowshoemountain
Weston, /r/WestonWV
Wheeling, /r/WheelingWV
Wisconsin, /r/Wisconsin
Antigo, /r/antigo
Appleton, /r/appleton
Bayview, /r/bayview
Beloit, /r/beloitwisconsin
Brillion, /r/Brillion
Chequamegon Bay, /r/Chequamegon_Bay_WI
Delafield, /r/Delafield
Delavan, /r/delavan
Door County, /r/doorcounty
Eau Claire, /r/eauclaire
Eau_Claire, /r/eau_claire
Eau Claire WI, /r/ec_wisc
Fond du Lac, /r/fonddulac
Fox Cities, /r/foxcities
Fox Valley, /r/foxvalleywi
Germantown, /r/germantownwisconsin
Green Bay, /r/greenbay
Greendale, /r/smalltowngreendale
Hortonville, /r/hortonville
Kenosha, /r/kenosha
La Crosse, /r/lacrossewi
Madison, /r/madisonwi
Manitowoc, /r/Manitowoc
Medford, /r/medfordwi
Menomonee Falls, /r/menomoneefalls
Mequon, /r/mequon
Milwaukee, /r/Milwaukee
Middleton, /r/middletonwi
Northern Wisconsin, /r/northernwi
Oakfield, /r/Oakfield
Oregon, /r/oregonwi
Oshkosh, /r/oshkosh
Racine, /r/racinewi
River Falls, /r/riverfallswi
Riverwest, /r/riverwest
Rockdale, /r/rockdalewi
Sheboygan, /r/sheboygan
Southwest Wisconsin, /r/swwisconsin
Sparta, /r/SpartaWI
Stevens Point, /r/stevenspoint
Verona, /r/VeronaWisconsin
Waukesha, /r/waukesha
Waukesha WI, /r/waukeshawi
Waukesha County, /r/waukeshacounty
Waunakee, /r/waunakee
Wausau, /r/wausau
West Allis, /r/westallis
West Bend, /r/westbend
Wisconsin Boonies, /r/WI_Boonies
Wyoming, /r/Wyoming
Casper, /r/casper
Cheyenne, /r/cheyenne
Gillette, /r/gillette
Grand Tetons National Park, /r/grandtetons
Jackson Hole, /r/jacksonhole
Laramie, /r/laramie
Sheridan, /r/sheridanwyoming
Star Valley, /r/StarValley
Yellowstone National Park, /r/yellowstone
